"SIS ID","course_id","Section Name","Term StartDate","Term EndDate","created_at","restrict_enrollments_to_section_dates","nonxlist_course_id","sis_section_id","sis_course_id","integration_id","sis_import_id","School SIS ID"
"18030","20619","GRAPHIC DESIGN","","","2020-05-18T16:19:35Z","","","","AR2301-A20-A01","","","1"
"18057","20621","NERVE AND MUSCLE PHYSIOLOGY","","","2020-05-18T16:19:54Z","","","","BB3511-A20-A02","","","1"
"18018","20622","ELEMENTARY ARABIC I","","","2020-05-18T16:19:23Z","","","","AB1531-A20-A01","","","1"
"18058","20624","CELL CULTURE TECHNIQUES FOR ANIMAL CELLS","","","2020-05-18T16:19:56Z","","","","BB3513-A20-A01","","","1"
"18020","20625","ELEMENTARY ARABIC I","","","2020-05-18T16:19:25Z","","","","AB1531-A20-A02","","","1"
"18091","20626","BIOMEDICAL INSTRUMENTATION DESIGN","","","2020-05-18T16:20:19Z","","","","BME4023-A20-A01","","","1"
"18036","20627","3D ANIMATION I","","","2020-05-18T16:19:38Z","","","","AR2333-A20-A01","","","1"
"18060","20628","CELL CULTURE TECHNIQUES FOR ANIMAL CELLS","","","2020-05-18T16:19:57Z","","","","BB3513-A20-A02","","","1"
"18021","20629","INTERMEDIATE ARABIC II","","","2020-05-18T16:19:25Z","","","","AB220X-A20-A01","","","1"
"18081","20630","MQP CAPSTONE DESIGN","","","2020-05-18T16:20:13Z","","","","BME4300-A20-A01","","","1"
"18038","20631","VIDEO PRODUCTION","","","2020-05-18T16:19:38Z","","","","AR2401-A20-A01","","","1"
"18061","20633","IMMUNOTHERAPIES: THE NEXT GENERATION OF PHARMACEUTICALS","","","2020-05-18T16:19:57Z","","","","BB353X-A20-A01","","","1"
"18084","20634","MQP CAPSTONE DESIGN","","","2020-05-18T16:20:16Z","","","","BME4300-A20-A02","","","1"
"18044","20635","DIGITAL PAINTING","","","2020-05-18T16:19:41Z","","","","AR2700-A20-A01","","","1"
"18022","20636","PERFORMANCE MEASUREMENT AND MANAGEMENT","","","2020-05-18T16:19:26Z","","","","ACC505-A20-A960","","","1"
"18087","20638","MQP CAPSTONE DESIGN","","","2020-05-18T16:20:17Z","","","","BME4300-A20-A03","","","1"
"18047","20639","LIGHT, VISION AND UNDERSTANDING","","","2020-05-18T16:19:43Z","","","","AR3150-A20-A01","","","1"
"18017","20640","INTRODUCTION TO AEROSPACE STRUCTURES","","","2020-05-18T16:19:23Z","","","","AE2712-A20-A01","","","1"
"18062","20642","CAPSTONE EXPERIENCE IN BIOLOGY AND BIOTECHNOLOGY","","","2020-05-18T16:19:58Z","","","","BB4900-A20-A01","","","1"
"18019","20643","COMPRESSIBLE FLUID DYNAMICS","","","2020-05-18T16:19:23Z","","","","AE3410-A20-A01","","","1"
"18049","20644","INTERACTIVE ELECTRONIC ARTS","","","2020-05-18T16:19:44Z","","","","AR3200-A20-A01","","","1"
"18088","20645","BIOMEDICAL MATERIALS","","","2020-05-18T16:20:18Z","","","","BME4814-A20-A01","","","1"
"18065","20646","INTRODUCTION TO BIOMEDICAL ENGINEERING","","","2020-05-18T16:20:00Z","","","","BME1001-A20-A01","","","1"
"18080","20649","LEADERSHIP PRACTICE","","","2020-05-18T16:20:13Z","","","","BUS1010-A20-A01","","","1"
"18064","20650","INTRODUCTION TO BIOMATERIALS","","","2020-05-18T16:20:00Z","","","","BME2001-A20-A01","","","1"
"18027","20651","FUNDAMENTALS OF AIR-BREATHING PROPULSION","","","2020-05-18T16:19:32Z","","","","AE4711-A20-A01","","","1"
"18082","20652","GLOBAL ENVIRONMENT OF BUSINESS DECISIONS","","","2020-05-18T16:20:15Z","","","","BUS1020-A20-A01","","","1"
"18031","20653","ARCHITECTURAL DESIGN I","","","2020-05-18T16:19:35Z","","","","AREN2002-A20-A01","","","1"
"18015","20654","STRUCTURAL DYNAMICS","","","2020-05-18T16:19:23Z","","","","AE4712-A20-A01","","","1"
"18033","20655","ARCHITECTURAL DESIGN IV - BUILDING ENERGY SIMULATION","","","2020-05-18T16:19:37Z","","","","AREN3020-A20-A01","","","1"
"18024","20656","ROCKET PROPULSION","","","2020-05-18T16:19:28Z","","","","AE4719-A20-A01","","","1"
"20704","20657","THE FOUNDATIONS OF THE UNITED STATES AIR FORCE I","","","2020-06-10T22:11:57Z","","","","AS1001-A20-A01","","","1"
"18016","20658","GUIDANCE, NAVIGATION AND COMMUNICATION","","","2020-05-18T16:19:23Z","","","","AE4733-A20-A01","","","1"
"18023","20659","GRADUATE AEROSPACE ENGINEERING COLLOQUIUM","","","2020-05-18T16:19:27Z","","","","AE5090-A20-A91","","","1"
"18037","20660","THE EVOLUTION OF USAF AIR AND SPACE POWER I","","","2020-05-18T16:19:38Z","","","","AS2001-A20-A01","","","1"
"18040","20661","AIR FORCE LEADERSHIP STUDIES I","","","2020-05-18T16:19:40Z","","","","AS3001-A20-A01","","","1"
"18042","20662","NATIONAL SECURITY AFFAIRS I","","","2020-05-18T16:19:40Z","","","","AS4101-A20-A01","","","1"
"18041","20663","ENVIRONMENTAL BIOLOGY","","","2020-05-18T16:19:40Z","","","","BB1002-A20-A01","","","1"
"18067","20664","BIOMEDICAL DATA ANALYSIS","","","2020-05-18T16:20:01Z","","","","BME2211-A20-A01","","","1"
"18089","20665","THE LEGAL ENVIRONMENT OF BUSINESS DECISIONS","","","2020-05-18T16:20:18Z","","","","BUS2020-A20-A01","","","1"
"18046","20666","Introduction to Biotechnology","","","2020-05-18T16:19:42Z","","","","BB1035-A20-A01","","","1"
"18068","20667","INTRODUCTION TO BIOPROCESS ENGINEERING","","","2020-05-18T16:20:02Z","","","","BME2610-A20-A01","","","1"
"18092","20668","FINANCIAL STATEMENTS FOR DECISION MAKING","","","2020-05-18T16:20:21Z","","","","BUS2060-A20-A01","","","1"
"18025","20669","FLUID DYNAMICS","","","2020-05-18T16:19:29Z","","","","AE5101-A20-A91","","","1"
"18051","20670","ANIMAL BEHAVIOR","","","2020-05-18T16:19:48Z","","","","BB2050-A20-A01","","","1"
"18074","20671","PHYSIOLOGY AND ENGINEERING","","","2020-05-18T16:20:08Z","","","","BME3111-A20-A01","","","1"
"18085","20672","RISK ANALYSIS FOR DECISION MAKING","","","2020-05-18T16:20:17Z","","","","BUS2070-A20-A01","","","1"
"18026","20673","CONTROL OF LINEAR DYNAMICAL SYSTEMS","","","2020-05-18T16:19:31Z","","","","AE5220-A20-A91","","","1"
"18069","20674","PHYSIOLOGY AND ENGINEERING","","","2020-05-18T16:20:03Z","","","","BME3111-A20-A02","","","1"
"18090","20675","CREATING VALUE THROUGH INNOVATION","","","2020-05-18T16:20:19Z","","","","BUS3010-A20-A01","","","1"
"18029","20676","APPLIED ELASTICITY","","","2020-05-18T16:19:34Z","","","","AE5381-A20-A91","","","1"
"18052","20677","CELL BIOLOGY","","","2020-05-18T16:19:49Z","","","","BB2550-A20-A01","","","1"
"18070","20678","PHYSIOLOGY AND ENGINEERING","","","2020-05-18T16:20:05Z","","","","BME3111-A20-A03","","","1"
"18093","20679","A01","","","2020-05-18T16:20:21Z","","","","BUS3020-A20-A01","","","1"
"18094","20679","A02","","","2020-05-18T16:20:23Z","","20682","","BUS3020-A20-A01","","","1"
"18032","20680","ESSENTIALS OF ART","","","2020-05-18T16:19:36Z","","","","AR1100-A20-A01","","","1"
"18054","20681","ENZYMES, PROTEINS, AND PURIFICATION","","","2020-05-18T16:19:51Z","","","","BB2902-A20-A01","","","1"
"18034","20683","ESSENTIALS OF ART","","","2020-05-18T16:19:37Z","","","","AR1100-A20-A02","","","1"
"18056","20684","ENZYMES, PROTEINS, AND PURIFICATION","","","2020-05-18T16:19:54Z","","","","BB2902-A20-A02","","","1"
"18096","20685","ACHIEVING STRATEGIC EFFECTIVENESS","","","2020-05-18T16:20:24Z","","","","BUS4030-A20-A01","","","1"
"18059","20686","ENZYMES, PROTEINS, AND PURIFICATION","","","2020-05-18T16:19:56Z","","","","BB2902-A20-A03","","","1"
"18035","20687","ESSENTIALS OF ART","","","2020-05-18T16:19:38Z","","","","AR1100-A20-A03","","","1"
"18095","20688","ANALYTICAL MECHANICS I","","","2020-05-18T16:20:23Z","","","","CE2000-A20-A01","","","1"
"18063","20689","HUNTING FOR PHAGE","","","2020-05-18T16:19:59Z","","","","BB2917-A20-A01","","","1"
"18039","20690","DIGITAL IMAGING AND COMPUTER ART","","","2020-05-18T16:19:39Z","","","","AR1101-A20-A01","","","1"
"18101","20691","SURVEYING","","","2020-05-18T16:20:31Z","","","","CE2020-A20-A01","","","1"
"18066","20692","HUNTING FOR PHAGE","","","2020-05-18T16:20:00Z","","","","BB2917-A20-A02","","","1"
"18050","20693","GENETICS","","","2020-05-18T16:19:48Z","","","","BB2920-A20-A01","","","1"
"18043","20694","INTRODUCTION TO ART HISTORY","","","2020-05-18T16:19:40Z","","","","AR1111-A20-A01","","","1"
"18097","20695","SURVEYING","","","2020-05-18T16:20:25Z","","","","CE2020-A20-A02","","","1"
"18055","20696","MEDICAL MICROBIOLOGY: PLAGUES OF THE MODERN WORLD","","","2020-05-18T16:19:54Z","","","","BB3003-A20-A01","","","1"
"18053","20698","HUMAN ANATOMY & PHYSIOLOGY: MOVEMENT AND COMMUNICATION","","","2020-05-18T16:19:50Z","","","","BB3101-A20-A01","","","1"
"18045","20699","3D MODELING I","","","2020-05-18T16:19:42Z","","","","AR2101-A20-A01","","","1"
"18048","20700","3D MODELING I","","","2020-05-18T16:19:43Z","","","","AR2101-A20-A02","","","1"
"18028","20701","2D ANIMATION I","","","2020-05-18T16:19:33Z","","","","AR2222-A20-A01","","","1"
"18107","20702","HYDROLOGY","","","2020-05-18T16:20:36Z","","","","CE4061-A20-A01","","","1"
"18073","20703","BIOMEDICAL ENGINEERING DESIGN","","","2020-05-18T16:20:07Z","","","","BME3300-A20-A01","","","1"
"18075","20704","BIOMEDICAL ENGINEERING DESIGN","","","2020-05-18T16:20:09Z","","","","BME3300-A20-A02","","","1"
"18077","20705","BIOMEDICAL ENGINEERING DESIGN","","","2020-05-18T16:20:10Z","","","","BME3300-A20-A03","","","1"
"18078","20707","SKELETAL BIOMECHANICS LABORATORY","","","2020-05-18T16:20:11Z","","","","BME3503-A20-A01","","","1"
"18098","20709","SURVEYING","","","2020-05-18T16:20:25Z","","","","CE2020-A20-A03","","","1"
"18099","20710","PROJECT MANAGEMENT","","","2020-05-18T16:20:27Z","","","","CE3020-A20-A01","","","1"
"18103","20711","PROJECT EVALUATION","","","2020-05-18T16:20:32Z","","","","CE3025-A20-A01","","","1"
"18071","20713","SKELETAL BIOMECHANICS LABORATORY","","","2020-05-18T16:20:05Z","","","","BME3503-A20-A02","","","1"
"18100","20714","ENVIRONMENTAL ENGINEERING","","","2020-05-18T16:20:28Z","","","","CE3059-A20-A01","","","1"
"18072","20716","SOLID BIOMECHANICS LABORATORY: TECHNIQUES","","","2020-05-18T16:20:07Z","","","","BME3505-A20-A01","","","1"
"18104","20717","URBAN AND ENVIRONMENTAL PLANNING","","","2020-05-18T16:20:33Z","","","","CE3070-A20-A01","","","1"
"18076","20719","SOLID BIOMECHANICS LABORATORY: TECHNIQUES","","","2020-05-18T16:20:09Z","","","","BME3505-A20-A02","","","1"
"18079","20721","BIOMATERIALS LAB","","","2020-05-18T16:20:13Z","","","","BME3811-A20-A01","","","1"
"18083","20723","BIOMATERIALS LAB","","","2020-05-18T16:20:15Z","","","","BME3811-A20-A02","","","1"
"18086","20725","BIOMATERIALS LAB","","","2020-05-18T16:20:17Z","","","","BME3811-A20-A03","","","1"
"18133","20733","ORGANIC LABORATORY","","","2020-05-18T16:20:43Z","","","","CH2360-A20-A01","","","1"
"18137","20734","ORGANIC LABORATORY","","","2020-05-18T16:20:45Z","","","","CH2360-A20-A02","","","1"
"18113","20736","EXPERIMENTAL CHEMISTRY I: INSTRUMENTAL ANALYSIS","","","2020-05-18T16:20:38Z","","","","CH2640-A20-A01","","","1"
"18142","20737","CHE4401-A20-A01","","","2020-05-18T16:20:52Z","","","","CHE4401-A20-A01","","","1"
"18144","20737","CHE4401-A20-A02","","","2020-05-18T16:20:53Z","","20741","","CHE4401-A20-A01","","","1"
"18151","20737","CHE4401-A20-A03","","","2020-05-18T16:20:57Z","","20742","","CHE4401-A20-A01","","","1"
"18117","20739","EXPERIMENTAL CHEMISTRY I: INSTRUMENTAL ANALYSIS","","","2020-05-18T16:20:40Z","","","","CH2640-A20-AX01","","","1"
"18159","20740","A TERM CO-OP:PAYPAL","","","2020-05-18T16:21:04Z","","","","CP1001-A20-A105","","","1"
"18132","20744","EXPERIMENTAL CHEMISTRY I: INSTRUMENTAL ANALYSIS","","","2020-05-18T16:20:42Z","","","","CH2640-A20-AX02","","","1"
"18154","20745","CHEMICAL ENGINEERING DESIGN","","","2020-05-18T16:21:00Z","","","","CHE4403-A20-A01","","","1"
"18143","20747","CHEMICAL ENGINEERING DESIGN","","","2020-05-18T16:20:53Z","","","","CHE4403-A20-A02","","","1"
"18136","20748","STRUCTURE, BONDING, AND REACTIVITY IN INORGANIC CHEMISTRY","","","2020-05-18T16:20:45Z","","","","CH3410-A20-A01","","","1"
"18150","20750","RESEARCH ANALYSIS AND DESIGN","","","2020-05-18T16:20:57Z","","","","CHE515-A20-A91","","","1"
"18129","20751","CHEMICAL THERMODYNAMICS","","","2020-05-18T16:20:42Z","","","","CH3510-A20-A01","","","1"
"18152","20753","ELEMENTARY CHINESE I","","","2020-05-18T16:20:59Z","","","","CN1541-A20-A01","","","1"
"18138","20754","PROTEIN STRUCTURE AND FUNCTION","","","2020-05-18T16:20:45Z","","","","CH4110-A20-A01","","","1"
"18139","20756","APPLICATION OF MO THEORY","","","2020-05-18T16:20:48Z","","","","CH4999-A20-SB4","","","1"
"18153","20757","ELEMENTARY CHINESE I","","","2020-05-18T16:21:00Z","","","","CN1541-A20-A02","","","1"
"18140","20759","MOLECULAR MODELING","","","2020-05-18T16:20:49Z","","","","CH554-A20-A91","","","1"
"18156","20760","INTERMEDIATE CHINESE II","","","2020-05-18T16:21:01Z","","","","CN2542-A20-A01","","","1"
"18158","20761","ADVANCED INTERMEDIATE CHINESE II","","","2020-05-18T16:21:03Z","","","","CN3542-A20-A01","","","1"
"18141","20763","CHEMICAL ENGINEERING FUNDAMENTALS","","","2020-05-18T16:20:49Z","","","","CHE2011-A20-A01","","","1"
"18149","20766","CHEMICAL ENGINEERING FUNDAMENTALS","","","2020-05-18T16:20:56Z","","","","CHE2011-A20-A02","","","1"
"20599","20774","A TERM CO-OP:BRISTOL MEYERS","","","2020-05-28T14:18:46Z","","","","CP1001-A20-A02","","","1"
"20609","20784","A TERM CO-OP:INSULET CORP","","","2020-05-29T16:26:20Z","","","","CP1001-A20-A128","","","1"
"20864","20785","A TERM CO-OP:HOLOGIC INC","","","2020-06-29T16:15:09Z","","","","CP1001-A20-A06","","","1"
"18145","20791","A TERM CO-OP:ADVANCE TESTING","","","2020-05-18T16:20:53Z","","","","CP1001-A20-A153","","","1"
"18146","20792","A TERM CO-OP:ACACIA COMMUN","","","2020-05-18T16:20:54Z","","","","CP1001-A20-A155","","","1"
"18147","20793","A TERM CO-OP:NEYA SYSTEMS, LLC","","","2020-05-18T16:20:54Z","","","","CP1001-A20-A156","","","1"
"21163","20797","A TERM CO-OP:JOHN HANCOCK","","","2020-08-05T13:19:11Z","","","","CP1001-A20-A09","","","1"
"19310","20815","INTRODUCTION TO PROGRAM DESIGN","","","2020-05-26T14:19:44Z","","","","CS1101-A20-AX05","","","1"
"18192","20817","INTRODUCTION TO PROGRAM DESIGN","","","2020-05-18T16:21:17Z","","","","CS1101-A20-AX06","","","1"
"21216","20818","A TERM CO-OP:SIEMENS ENERGY","","","2020-08-07T22:19:48Z","","","","CP1001-A20-A67","","","1"
"20802","20820","A TERM CO-OP:BOSE CORPORATION","","","2020-06-22T16:11:04Z","","","","CP1001-A20-A72","","","1"
"18162","20821","INTRODUCTION TO PROGRAM DESIGN","","","2020-05-18T16:21:06Z","","","","CS1101-A20-AX07","","","1"
"18163","20824","INTRODUCTION TO PROGRAM DESIGN","","","2020-05-18T16:21:06Z","","","","CS1101-A20-AX08","","","1"
"18165","20827","INTRODUCTION TO PROGRAM DESIGN","","","2020-05-18T16:21:07Z","","","","CS1101-A20-AX09","","","1"
"18166","20830","INTRODUCTION TO PROGRAM DESIGN","","","2020-05-18T16:21:07Z","","","","CS1101-A20-AX10","","","1"
"20707","20833","INTRODUCTION TO PROGRAM DESIGN","","","2020-06-10T22:12:30Z","","","","CS1101-A20-AX11","","","1"
"18167","20836","INTRODUCTION TO PROGRAM DESIGN","","","2020-05-18T16:21:08Z","","","","CS1101-A20-AX12","","","1"
"18170","20838","ACCELERATED INTRODUCTION TO PROGRAM DESIGN","","","2020-05-18T16:21:08Z","","","","CS1102-A20-A01","","","1"
"18171","20841","ACCELERATED INTRODUCTION TO PROGRAM DESIGN","","","2020-05-18T16:21:08Z","","","","CS1102-A20-AX01","","","1"
"18148","20842","INTRODUCTION TO PROGRAMMING FOR NON-MAJORS","","","2020-05-18T16:20:55Z","","","","CS1004-A20-A01","","","1"
"18172","20843","ACCELERATED INTRODUCTION TO PROGRAM DESIGN","","","2020-05-18T16:21:08Z","","","","CS1102-A20-AX02","","","1"
"18155","20844","INTRODUCTION TO PROGRAMMING FOR NON-MAJORS","","","2020-05-18T16:21:01Z","","","","CS1004-A20-AX01","","","1"
"18173","20845","ACCELERATED INTRODUCTION TO PROGRAM DESIGN","","","2020-05-18T16:21:08Z","","","","CS1102-A20-AX03","","","1"
"18174","20846","ACCELERATED INTRODUCTION TO PROGRAM DESIGN","","","2020-05-18T16:21:09Z","","","","CS1102-A20-AX04","","","1"
"18157","20847","INTRODUCTION TO PROGRAMMING FOR NON-MAJORS","","","2020-05-18T16:21:03Z","","","","CS1004-A20-AX02","","","1"
"18160","20849","INTRODUCTION TO PROGRAMMING FOR NON-MAJORS","","","2020-05-18T16:21:06Z","","","","CS1004-A20-AX03","","","1"
"18175","20850","CS2022-A20-A01","","","2020-05-18T16:21:09Z","","","","CS2022-A20-A01","","","1"
"18179","20850","CS2022-A20-A02","","","2020-05-18T16:21:10Z","","20852","","CS2022-A20-A01","","","1"
"18182","20850","CS2022-A20-A03","","","2020-05-18T16:21:12Z","","20857","","CS2022-A20-A01","","","1"
"18185","20850","CS2022-A20-A04","","","2020-05-18T16:21:13Z","","20860","","CS2022-A20-A01","","","1"
"18190","20850","CS2022-A20-A05","","","2020-05-18T16:21:16Z","","20863","","CS2022-A20-A01","","","1"
"18164","20850","CS2022-A20-A06","","","2020-05-18T16:21:07Z","","20865","","CS2022-A20-A01","","","1"
"18352","20850","MA2201-A20-A01","","","2020-05-18T16:23:04Z","","21145","","CS2022-A20-A01","","","1"
"18354","20850","MA2201-A20-A02","","","2020-05-18T16:23:04Z","","21148","","CS2022-A20-A01","","","1"
"18356","20850","MA2201-A20-A03","","","2020-05-18T16:23:05Z","","21152","","CS2022-A20-A01","","","1"
"18357","20850","MA2201-A20-A04","","","2020-05-18T16:23:05Z","","21155","","CS2022-A20-A01","","","1"
"18344","20850","MA2201-A20-A05","","","2020-05-18T16:23:00Z","","21158","","CS2022-A20-A01","","","1"
"18345","20850","MA2201-A20-A06","","","2020-05-18T16:23:00Z","","21160","","CS2022-A20-A01","","","1"
"18184","20851","OPERATING SYSTEMS","","","2020-05-18T16:21:13Z","","","","CS3013-A20-A01","","","1"
"18191","20853","SOCIAL IMPLICATIONS OF INFORMATION PROCESSING","","","2020-05-18T16:21:17Z","","","","CS3043-A20-A01","","","1"
"18193","20854","SOCIAL IMPLICATIONS OF INFORMATION PROCESSING","","","2020-05-18T16:21:18Z","","","","CS3043-A20-A02","","","1"
"18195","20855","SOCIAL IMPLICATIONS OF INFORMATION PROCESSING","","","2020-05-18T16:21:21Z","","","","CS3043-A20-A03","","","1"
"18194","20856","FOUNDATIONS OF COMPUTER SCIENCE","","","2020-05-18T16:21:20Z","","","","CS3133-A20-A01","","","1"
"18196","20858","DATABASE SYSTEMS I","","","2020-05-18T16:21:21Z","","","","CS3431-A20-A01","","","1"
"18169","20859","INTRODUCTION TO PROGRAMMING FOR NON-MAJORS","","","2020-05-18T16:21:08Z","","","","CS1004-A20-AX04","","","1"
"18197","20861","COMPUTER NETWORKS","","","2020-05-18T16:21:22Z","","","","CS3516-A20-A01","","","1"
"18178","20862","INTRODUCTION TO PROGRAMMING FOR NON-MAJORS","","","2020-05-18T16:21:10Z","","","","CS1004-A20-AX05","","","1"
"18161","20866","INTRODUCTION TO PROGRAM DESIGN","","","2020-05-18T16:21:06Z","","","","CS1101-A20-A01","","","1"
"18198","20867","WEBWARE: COMPUTATIONAL TECHNOLOGY FOR NETWORK INFORMATION SYSTEMS","","","2020-05-18T16:21:26Z","","","","CS4241-A20-A01","","","1"
"18168","20868","CS2303-A20-A01","","","2020-05-18T16:21:08Z","","","","CS2303-A20-A01","","","1"
"18177","20868","CS2303-A20-A02","","","2020-05-18T16:21:09Z","","20871","","CS2303-A20-A01","","","1"
"18181","20868","CS2303-A20-A03","","","2020-05-18T16:21:11Z","","20874","","CS2303-A20-A01","","","1"
"18183","20868","CS2303-A20-A04","","","2020-05-18T16:21:12Z","","20876","","CS2303-A20-A01","","","1"
"18187","20868","CS2303-A20-A05","","","2020-05-18T16:21:14Z","","20879","","CS2303-A20-A01","","","1"
"18176","20870","INTRODUCTION TO PROGRAM DESIGN","","","2020-05-18T16:21:09Z","","","","CS1101-A20-A02","","","1"
"18199","20872","INTRODUCTION TO ARTIFICIAL INTELLIGENCE","","","2020-05-18T16:21:29Z","","","","CS4341-A20-A02","","","1"
"18180","20873","INTRODUCTION TO PROGRAM DESIGN","","","2020-05-18T16:21:10Z","","","","CS1101-A20-A03","","","1"
"18200","20875","MOBILE & UBIQUITOUS COMPUTING","","","2020-05-18T16:21:30Z","","","","CS4518-A20-A01","","","1"
"19309","20877","INTRODUCTION TO PROGRAM DESIGN","","","2020-05-26T14:19:43Z","","","","CS1101-A20-AX01","","","1"
"21170","20878","GRAPHICS SLM OF PHYSICAL SYST","","","2020-08-05T19:26:07Z","","","","CS4999-A20-CDR","","","1"
"18186","20880","INTRODUCTION TO PROGRAM DESIGN","","","2020-05-18T16:21:13Z","","","","CS1101-A20-AX02","","","1"
"18188","20882","INTRODUCTION TO PROGRAM DESIGN","","","2020-05-18T16:21:14Z","","","","CS1101-A20-AX03","","","1"
"18189","20885","INTRODUCTION TO PROGRAM DESIGN","","","2020-05-18T16:21:15Z","","","","CS1101-A20-AX04","","","1"
"18204","20886","INTRODUCTION TO ELECTRICAL AND COMPUTER ENGINEERING","","","2020-05-18T16:21:34Z","","","","ECE2010-A20-A01","","","1"
"18202","20889","INTRODUCTION TO ELECTRICAL AND COMPUTER ENGINEERING","","","2020-05-18T16:21:33Z","","","","ECE2010-A20-A02","","","1"
"18203","20891","INTRODUCTION TO ELECTRICAL AND COMPUTER ENGINEERING","","","2020-05-18T16:21:33Z","","","","ECE2010-A20-A03","","","1"
"18205","20893","INTRODUCTION TO ELECTRICAL AND COMPUTER ENGINEERING","","","2020-05-18T16:21:36Z","","","","ECE2010-A20-A04","","","1"
"18206","20895","ECE2019-A20-A01","","","2020-05-18T16:21:37Z","","","","ECE2019-A20-A01","","","1"
"18211","20895","ECE2019-A20-A02","","","2020-05-18T16:21:41Z","","20898","","ECE2019-A20-A01","","","1"
"18207","20895","ECE2019-A20-A03","","","2020-05-18T16:21:37Z","","20901","","ECE2019-A20-A01","","","1"
"18224","20897","INTRODUCTORY MACROECONOMICS","","","2020-05-18T16:21:48Z","","","","ECON1120-A20-A01","","","1"
"18208","20899","INTERNATIONAL DEVELOPMENT AND SOCIETY","","","2020-05-18T16:21:38Z","","","","DEV1200-A20-A01","","","1"
"18230","20900","BEHAVIORAL ECONOMICS","","","2020-05-18T16:21:51Z","","","","ECON2145-A20-A01","","","1"
"18209","20903","EMBEDDED COMPUTING IN ENGINEERING DESIGN","","","2020-05-18T16:21:39Z","","","","ECE2049-A20-A01","","","1"
"18201","20904","DATA SCIENCE I: INTRODUCTION TO DATA SCIENCE","","","2020-05-18T16:21:30Z","","","","DS1010-A20-A01","","","1"
"18210","20905","EMBEDDED COMPUTING IN ENGINEERING DESIGN","","","2020-05-18T16:21:40Z","","","","ECE2049-A20-A02","","","1"
"18234","20906","INTRODUCTION TO DRAMA: THEATRE ON THE PAGE AND ON THE STAGE","","","2020-05-18T16:21:53Z","","","","EN1221-A20-A01","","","1"
"18215","20907","EMBEDDED COMPUTING IN ENGINEERING DESIGN","","","2020-05-18T16:21:42Z","","","","ECE2049-A20-A03","","","1"
"18235","20908","SHAKESPEARE IN THE AGE OF ELIZABETH","","","2020-05-18T16:21:54Z","","","","EN1222-A20-A01","","","1"
"18237","20910","INTRODUCTION TO ENGLISH POETRY","","","2020-05-18T16:21:54Z","","","","EN1242-A20-A01","","","1"
"18212","20911","MICROELECTRONIC CIRCUITS I","","","2020-05-18T16:21:41Z","","","","ECE2201-A20-A01","","","1"
"18219","20912","INTRODUCTION TO ENGLISH POETRY","","","2020-05-18T16:21:46Z","","","","EN1242-A20-A02","","","1"
"18214","20913","MICROELECTRONIC CIRCUITS I","","","2020-05-18T16:21:42Z","","","","ECE2201-A20-A02","","","1"
"18220","20914","INTRODUCTION TO LITERATURE","","","2020-05-18T16:21:47Z","","","","EN1251-A20-A01","","","1"
"18216","20915","DISCRETE-TIME SIGNAL AND SYSTEM ANALYSIS","","","2020-05-18T16:21:43Z","","","","ECE2312-A20-A01","","","1"
"18223","20916","INTRODUCTION TO LITERATURE","","","2020-05-18T16:21:48Z","","","","EN1251-A20-A02","","","1"
"18222","20917","INTRODUCTION TO RF CIRCUIT DESIGN","","","2020-05-18T16:21:47Z","","","","ECE3113-A20-A01","","","1"
"18244","20918","INTRODUCTION TO STATIC SYSTEMS","","","2020-05-18T16:21:58Z","","","","ES2501-A20-A01","","","1"
"18225","20919","INTRODUCTION TO AFRICAN AMERICAN LITERATURE AND CULTURE","","","2020-05-18T16:21:49Z","","","","EN1257-A20-A01","","","1"
"18213","20920","INTRODUCTION TO WIRELESS NETWORKS","","","2020-05-18T16:21:42Z","","","","ECE3308-A20-A01","","","1"
"18227","20922","CREATIVE WRITING","","","2020-05-18T16:21:50Z","","","","EN2219-A20-A01","","","1"
"18110","20923","CHEMICAL PROPERTIES, BONDING, AND FORCES","","","2020-05-18T16:20:38Z","","","","CH1010-A20-A01","","","1"
"18218","20924","ELECTRICAL ENERGY CONVERSION","","","2020-05-18T16:21:44Z","","","","ECE3501-A20-A01","","","1"
"18102","20925","CHEMICAL PROPERTIES, BONDING, AND FORCES","","","2020-05-18T16:20:32Z","","","","CH1010-A20-A02","","","1"
"18221","20926","ADVANCED DIGITAL SYSTEM DESIGN WITH FPGAs","","","2020-05-18T16:21:47Z","","","","ECE3829-A20-A01","","","1"
"18105","20927","CHEMICAL PROPERTIES, BONDING, AND FORCES","","","2020-05-18T16:20:33Z","","","","CH1010-A20-A03","","","1"
"18226","20928","ADVANCED DIGITAL SYSTEM DESIGN WITH FPGAs","","","2020-05-18T16:21:49Z","","","","ECE3829-A20-A02","","","1"
"18228","20930","ADVANCED DIGITAL SYSTEM DESIGN WITH FPGAs","","","2020-05-18T16:21:50Z","","","","ECE3829-A20-A03","","","1"
"18233","20937","CREATIVE WRITING","","","2020-05-18T16:21:52Z","","","","EN2219-A20-A02","","","1"
"18229","20939","BIOMEDICAL INSTRUMENTATION DESIGN","","","2020-05-18T16:21:51Z","","","","ECE4023-A20-A01","","","1"
"18236","20940","AM LIT HIST CONTEMPORARY NOVEL","","","2020-05-18T16:21:54Z","","","","EN2271-A20-A01","","","1"
"18247","20942","INTRODUCTION TO STATIC SYSTEMS","","","2020-05-18T16:22:02Z","","","","ES2501-A20-A02","","","1"
"18232","20943","SEMICONDUCTOR DEVICES","","","2020-05-18T16:21:52Z","","","","ECE4999-A20-UG1","","","1"
"18238","20945","WORLD LITERATURES","","","2020-05-18T16:21:55Z","","","","EN2281-A20-A01","","","1"
"18252","20946","INTRODUCTION TO DYNAMIC SYSTEMS","","","2020-05-18T16:22:10Z","","","","ES2503-A20-A01","","","1"
"18217","20948","INTRODUCTORY MICROECONOMICS","","","2020-05-18T16:21:43Z","","","","ECON1110-A20-A01","","","1"
"18240","20949","SUPERNATURAL LITERATURES","","","2020-05-18T16:21:55Z","","","","EN3231-A20-A01","","","1"
"18251","20951","INTRODUCTION TO THERMODYNAMICS","","","2020-05-18T16:22:10Z","","","","ES3001-A20-A01","","","1"
"18231","20954","INTRODUCTION TO ENVIRONMENTAL STUDIES","","","2020-05-18T16:21:51Z","","","","ENV1100-A20-A01","","","1"
"18253","20955","INTRODUCTION TO THERMODYNAMICS","","","2020-05-18T16:22:11Z","","","","ES3001-A20-A02","","","1"
"18106","20956","AC01","","","2020-05-18T16:20:36Z","","20932","","CH1010-A20-AX01","","","1"
"18108","20956","AC02","","","2020-05-18T16:20:37Z","","20933","","CH1010-A20-AX01","","","1"
"18112","20956","AC03","","","2020-05-18T16:20:38Z","","20935","","CH1010-A20-AX01","","","1"
"18115","20956","AC04","","","2020-05-18T16:20:39Z","","20938","","CH1010-A20-AX01","","","1"
"18119","20956","AC05","","","2020-05-18T16:20:40Z","","20941","","CH1010-A20-AX01","","","1"
"18122","20956","AC06","","","2020-05-18T16:20:41Z","","20944","","CH1010-A20-AX01","","","1"
"18124","20956","AC07","","","2020-05-18T16:20:41Z","","20947","","CH1010-A20-AX01","","","1"
"18127","20956","AC08","","","2020-05-18T16:20:42Z","","20950","","CH1010-A20-AX01","","","1"
"18130","20956","AC09","","","2020-05-18T16:20:42Z","","20953","","CH1010-A20-AX01","","","1"
"18134","20956","AX01","","","2020-05-18T16:20:43Z","","","","CH1010-A20-AX01","","","1"
"18135","20956","AX02","","","2020-05-18T16:20:43Z","","20958","","CH1010-A20-AX01","","","1"
"18109","20956","AX03","","","2020-05-18T16:20:37Z","","20961","","CH1010-A20-AX01","","","1"
"18111","20956","AX04","","","2020-05-18T16:20:38Z","","20976","","CH1010-A20-AX01","","","1"
"18114","20956","AX05","","","2020-05-18T16:20:39Z","","20982","","CH1010-A20-AX01","","","1"
"18116","20956","AX06","","","2020-05-18T16:20:39Z","","20984","","CH1010-A20-AX01","","","1"
"18118","20956","AX07","","","2020-05-18T16:20:40Z","","20985","","CH1010-A20-AX01","","","1"
"18120","20956","AX08","","","2020-05-18T16:20:40Z","","20988","","CH1010-A20-AX01","","","1"
"19308","20956","AX09","","","2020-05-26T14:19:36Z","","20991","","CH1010-A20-AX01","","","1"
"18121","20956","AX10","","","2020-05-18T16:20:41Z","","20706","","CH1010-A20-AX01","","","1"
"20705","20956","AX11","","","2020-06-10T22:12:19Z","","20708","","CH1010-A20-AX01","","","1"
"18123","20956","AX12","","","2020-05-18T16:20:41Z","","20712","","CH1010-A20-AX01","","","1"
"20706","20956","AX13","","","2020-06-10T22:12:21Z","","20715","","CH1010-A20-AX01","","","1"
"18125","20956","AX14","","","2020-05-18T16:20:41Z","","20718","","CH1010-A20-AX01","","","1"
"18126","20956","AX15","","","2020-05-18T16:20:42Z","","20720","","CH1010-A20-AX01","","","1"
"18128","20956","AX16","","","2020-05-18T16:20:42Z","","20722","","CH1010-A20-AX01","","","1"
"18131","20956","AX17","","","2020-05-18T16:20:42Z","","20724","","CH1010-A20-AX01","","","1"
"19286","20956","AX18","","","2020-05-20T14:32:06Z","","20726","","CH1010-A20-AX01","","","1"
"18241","20957","THE GREEN ECONOMY AND MODELS FOR ALTERNATIVE FORMS OF DEVELOPMENT","","","2020-05-18T16:21:55Z","","","","ENV2900-A20-A01","","","1"
"18250","20960","HEAT TRANSFER","","","2020-05-18T16:22:09Z","","","","ES3003-A20-A01","","","1"
"18259","20962","GEOLOGY","","","2020-05-18T16:22:23Z","","","","GE2341-A20-A01","","","1"
"18243","20963","INTRODUCTION TO ENGINEERING","","","2020-05-18T16:21:56Z","","","","ES1020-A20-A01","","","1"
"18246","20964","INTRODUCTION TO COMPUTER AIDED DESIGN","","","2020-05-18T16:21:59Z","","","","ES1310-A20-A01","","","1"
"18264","20965","ELEMENTARY GERMAN I","","","2020-05-18T16:22:29Z","","","","GN1511-A20-A01","","","1"
"18254","20966","HEAT TRANSFER","","","2020-05-18T16:22:15Z","","","","ES3003-A20-A02","","","1"
"18248","20967","INTRODUCTION TO COMPUTER AIDED DESIGN","","","2020-05-18T16:22:02Z","","","","ES1310-A20-A02","","","1"
"18266","20968","ELEMENTARY GERMAN I","","","2020-05-18T16:22:30Z","","","","GN1511-A20-A02","","","1"
"18239","20969","INTRODUCTION TO COMPUTER AIDED DESIGN","","","2020-05-18T16:21:55Z","","","","ES1310-A20-A03","","","1"
"18255","20971","FLUID MECHANICS","","","2020-05-18T16:22:16Z","","","","ES3004-A20-A01","","","1"
"18242","20972","INTRODUCTION TO COMPUTER AIDED DESIGN","","","2020-05-18T16:21:55Z","","","","ES1310-A20-A04","","","1"
"18268","20973","ADVANCED GERMAN I","","","2020-05-18T16:22:31Z","","","","GN3511-A20-A01","","","1"
"18256","20974","CONTROL ENGINEERING I","","","2020-05-18T16:22:19Z","","","","ES3011-A20-A01","","","1"
"18245","20975","INTRODUCTION TO MATERIALS SCIENCE","","","2020-05-18T16:21:58Z","","","","ES2001-A20-A01","","","1"
"18249","20977","INTRODUCTION TO MATERIALS SCIENCE","","","2020-05-18T16:22:04Z","","","","ES2001-A20-A02","","","1"
"18263","20978","AMERICAN PUBLIC POLICY","","","2020-05-18T16:22:29Z","","","","GOV1303-A20-A01","","","1"
"18257","20979","ADVANCED COMPUTER AIDED DESIGN","","","2020-05-18T16:22:21Z","","","","ES3323-A20-A01","","","1"
"18265","20980","WOMEN IN POLITICS","","","2020-05-18T16:22:29Z","","","","GOV236X-A20-A01","","","1"
"18258","20981","ADVANCED COMPUTER AIDED DESIGN","","","2020-05-18T16:22:22Z","","","","ES3323-A20-A02","","","1"
"18267","20983","INTRODUCTION TO AMERICAN URBAN HISTORY","","","2020-05-18T16:22:30Z","","","","HI1311-A20-A01","","","1"
"18269","20986","INTRODUCTION TO THE STUDY OF FOREIGN POLICY AND DIPLOMATIC HISTORY","","","2020-05-18T16:22:31Z","","","","HI1313-A20-A01","","","1"
"18260","20987","A PROJECT-BASED INTRODUCTION TO SYSTEMS ENGINEERING","","","2020-05-18T16:22:24Z","","","","ES3501-A20-A01","","","1"
"18270","20989","INTRODUCTION TO EUROPEAN HISTORY","","","2020-05-18T16:22:32Z","","","","HI1322-A20-A01","","","1"
"18277","20992","INQUIRY SEMINAR IN HUMANITIES AND ARTS","","","2020-05-18T16:22:34Z","","","","HU3900-A20-A06","","","1"
"18261","20993","ENGINEERING INNOVATION AND ENTREPRENEURSHIP","","","2020-05-18T16:22:25Z","","","","ETR1100-A20-A01","","","1"
"18281","20994","PRACTICUM IN HUMANITIES AND ARTS","","","2020-05-18T16:22:36Z","","","","HU3910-A20-A01","","","1"
"18282","20996","PRACTICUM IN HUMANITIES AND ARTS","","","2020-05-18T16:22:37Z","","","","HU3910-A20-A02","","","1"
"18262","20997","Finance & Technology (FinTech)","","","2020-05-18T16:22:28Z","","","","FIN3300-A20-A01","","","1"
"20787","20998","SOCIAL SCIENCE RESEARCH FOR THE IQP","","","2020-06-18T18:18:46Z","","","","ID2050-A20-A01","","","1"
"18272","20999","INTRODUCTION TO THE HISTORY OF SCIENCE AND TECHNOLOGY","","","2020-05-18T16:22:33Z","","","","HI1330-A20-A01","","","1"
"18286","21000","3D MODELING I","","","2020-05-18T16:22:38Z","","","","IMGD2101-A20-A02","","","1"
"18283","21002","SOCIAL SCIENCE RESEARCH FOR THE IQP","","","2020-05-18T16:22:37Z","","","","ID2050-A20-A02","","","1"
"18275","21003","INTRODUCTION TO THE HISTORY OF SCIENCE AND TECHNOLOGY","","","2020-05-18T16:22:34Z","","","","HI1330-A20-A02","","","1"
"20617","21004","THE GREAT PROBLEMS SEMINARS","","","2020-06-01T12:16:42Z","","","","FY1100-A20-A01","","","1"
"20788","21005","SOCIAL SCIENCE RESEARCH FOR THE IQP","","","2020-06-18T18:18:48Z","","","","ID2050-A20-A03","","","1"
"18288","21006","2D ANIMATION I","","","2020-05-18T16:22:39Z","","","","IMGD2222-A20-A01","","","1"
"18278","21007","INTRODUCTION TO ENVIRONMENTAL HISTORY","","","2020-05-18T16:22:35Z","","","","HI1350-A20-A01","","","1"
"20618","21008","THE GREAT PROBLEMS SEMINARS","","","2020-06-01T12:16:42Z","","","","FY1100-A20-A02","","","1"
"18291","21009","SOCIAL SCIENCE RESEARCH FOR THE IQP","","","2020-05-18T16:22:40Z","","","","ID2050-A20-A04","","","1"
"18290","21010","3D ANIMATION I","","","2020-05-18T16:22:40Z","","","","IMGD2333-A20-A01","","","1"
"18271","21011","AMERICAN COLONIAL HISTORY","","","2020-05-18T16:22:32Z","","","","HI2311-A20-A01","","","1"
"20614","21012","THE GREAT PROBLEMS SEMINARS","","","2020-06-01T12:16:41Z","","","","FY1100-A20-A03","","","1"
"20813","21013","SOCIAL SCIENCE RESEARCH FOR THE IQP","","","2020-06-23T18:12:34Z","","","","ID2050-A20-A05","","","1"
"18294","21014","WRITING CHARACTERS FOR INTERACTIVE MEDIA & GAMES","","","2020-05-18T16:22:41Z","","","","IMGD2400-A20-A01","","","1"
"20615","21015","THE GREAT PROBLEMS SEMINARS","","","2020-06-01T12:16:41Z","","","","FY1100-A20-A04","","","1"
"18273","21016","TOPICS IN LAW, JUSTICE AND AMERICAN SOCIETY","","","2020-05-18T16:22:34Z","","","","HI2318-A20-A01","","","1"
"20789","21017","SOCIAL SCIENCE RESEARCH FOR THE IQP","","","2020-06-18T18:18:49Z","","","","ID2050-A20-A06","","","1"
"18299","21018","DIGITAL PAINTING","","","2020-05-18T16:22:42Z","","","","IMGD2700-A20-A01","","","1"
"20671","21019","THE GREAT PROBLEMS SEMINARS","","","2020-06-10T20:14:44Z","","","","FY1100-A20-A05","","","1"
"18279","21020","TOPICS IN ENVIRONMENTAL HISTORY","","","2020-05-18T16:22:36Z","","","","HI2400-A20-A01","","","1"
"18296","21021","SOCIAL SCIENCE RESEARCH FOR THE IQP","","","2020-05-18T16:22:41Z","","","","ID2050-A20-A07","","","1"
"18301","21022","INTERACTIVE ELECTRONIC ARTS","","","2020-05-18T16:22:42Z","","","","IMGD3200-A20-A01","","","1"
"20616","21024","THE GREAT PROBLEMS SEMINARS","","","2020-06-01T12:16:41Z","","","","FY1100-A20-A06","","","1"
"20642","21025","SOCIAL SCIENCE RESEARCH FOR THE IQP","","","2020-06-03T20:12:42Z","","","","ID2050-A20-A08","","","1"
"18287","21026","ADVANCED STORYTELLING: QUEST LOGIC AND LEVEL DESIGN","","","2020-05-18T16:22:39Z","","","","IMGD4700-A20-A01","","","1"
"20672","21027","DISCOVERING MAJORS AND CAREERS","","","2020-06-10T20:14:44Z","","","","FY1800-A20-A01","","","1"
"20835","21030","SOCIAL SCIENCE RESEARCH FOR THE IQP","","","2020-06-25T16:23:55Z","","","","ID2050-A20-A09","","","1"
"18285","21031","INTRODUCTION TO ASIA","","","2020-05-18T16:22:38Z","","","","HU1412-A20-A01","","","1"
"18293","21032","INTRODUCTION TO INTERNATIONAL AND GLOBAL STUDIES","","","2020-05-18T16:22:40Z","","","","INTL1100-A20-A01","","","1"
"20708","21033","DISCOVERING MAJORS AND CAREERS","","","2020-06-10T22:12:58Z","","","","FY1800-A20-A02","","","1"
"18302","21034","INTRODUCTION TO LATIN AMERICA","","","2020-05-18T16:22:43Z","","","","INTL1300-A20-A01","","","1"
"20790","21035","SOCIAL SCIENCE RESEARCH FOR THE IQP","","","2020-06-18T18:18:51Z","","","","ID2050-A20-A10","","","1"
"18304","21038","GLOBAL RE-ENTRY SEMINAR","","","2020-05-18T16:22:46Z","","","","INTL3050-A20-A01","","","1"
"20834","21039","SOCIAL SCIENCE RESEARCH FOR THE IQP","","","2020-06-25T16:23:54Z","","","","ID2050-A20-A12","","","1"
"18305","21040","INTRODUCTION TO ACADEMIC READING AND WRITING FOR NON-NATIVE SPEAKERS OF ENGLISH","","","2020-05-18T16:22:46Z","","","","ISE1800-A20-A01","","","1"
"18310","21043","COMPOSITION FOR NON-NATIVE SPEAKERS OF ENGLISH","","","2020-05-18T16:22:46Z","","","","ISE1801-A20-A01","","","1"
"18289","21044","INQUIRY SEMINAR IN HUMANITIES AND ARTS","","","2020-05-18T16:22:40Z","","","","HU3900-A20-A01","","","1"
"18292","21047","INQUIRY SEMINAR IN HUMANITIES AND ARTS","","","2020-05-18T16:22:40Z","","","","HU3900-A20-A02","","","1"
"18297","21048","SHELTERED ENGLISH IMMERSION ENDORSEMENT COURSE FOR TEACHERS","","","2020-05-18T16:22:41Z","","","","ID3200-A20-A01","","","1"
"18295","21049","INQUIRY SEMINAR IN HUMANITIES AND ARTS","","","2020-05-18T16:22:41Z","","","","HU3900-A20-A03","","","1"
"18298","21051","INQUIRY SEMINAR IN HUMANITIES AND ARTS","","","2020-05-18T16:22:41Z","","","","HU3900-A20-A04","","","1"
"18314","21052","ORAL COMMUNICATION FOR NON-NATIVE SPEAKERS OF ENGLISH","","","2020-05-18T16:22:47Z","","","","ISE1803-A20-A01","","","1"
"18274","21054","INQUIRY SEMINAR IN HUMANITIES AND ARTS","","","2020-05-18T16:22:34Z","","","","HU3900-A20-A05","","","1"
"21060","21055","CALCULUS I","","","2020-07-16T10:32:26Z","","","","MA1021-A20-A10","","","1"
"18316","21056","INTENSIVE READING FOR NON-NATIVE SPEAKERS","","","2020-05-18T16:22:48Z","","","","ISE2820-A20-A01","","","1"
"18300","21057","CRITICAL STUDIES OF INTERACTIVE MEDIA AND GAMES","","","2020-05-18T16:22:42Z","","","","IMGD1000-A20-A01","","","1"
"18276","21058","THE GAME DEVELOPMENT PROCESS","","","2020-05-18T16:22:34Z","","","","IMGD1001-A20-A01","","","1"
"19312","21059","CALCULUS I","","","2020-05-26T14:20:07Z","","","","MA1021-A20-AX01","","","1"
"18280","21060","GAME AUDIO I","","","2020-05-18T16:22:36Z","","","","IMGD2030-A20-A01","","","1"
"18323","21061","CALCULUS I","","","2020-05-18T16:22:50Z","","","","MA1021-A20-AX02","","","1"
"20679","21062","CALCULUS III","","","2020-06-10T20:14:53Z","","","","MA1023-A20-A05Y","","","1"
"20680","21063","CALCULUS III","","","2020-06-10T20:14:53Z","","","","MA1023-A20-A06Y","","","1"
"20711","21064","CALCULUS III","","","2020-06-10T22:13:13Z","","","","MA1023-A20-A07Y","","","1"
"19288","21065","CALCULUS I","","","2020-05-20T14:33:23Z","","","","MA1021-A20-AX03","","","1"
"18318","21066","CALCULUS I","","","2020-05-18T16:22:48Z","","","","MA1021-A20-A01","","","1"
"18325","21067","CALCULUS I","","","2020-05-18T16:22:50Z","","","","MA1021-A20-AX04","","","1"
"20622","21068","CALCULUS III","","","2020-06-01T16:19:05Z","","","","MA1023-A20-A08Y","","","1"
"18320","21069","CALCULUS I","","","2020-05-18T16:22:49Z","","","","MA1021-A20-A02","","","1"
"19289","21070","CALCULUS I","","","2020-05-20T14:33:23Z","","","","MA1021-A20-AX05","","","1"
"19314","21071","CALCULUS I","","","2020-05-26T14:20:07Z","","","","MA1021-A20-A03","","","1"
"20712","21072","CALCULUS III","","","2020-06-10T22:13:15Z","","","","MA1023-A20-A09Y","","","1"
"19315","21073","CALCULUS I","","","2020-05-26T14:20:07Z","","","","MA1021-A20-A04","","","1"
"18284","21074","3D MODELING I","","","2020-05-18T16:22:38Z","","","","IMGD2101-A20-A01","","","1"
"18327","21075","CALCULUS I","","","2020-05-18T16:22:51Z","","","","MA1021-A20-AX06","","","1"
"18321","21076","CALCULUS I","","","2020-05-18T16:22:50Z","","","","MA1021-A20-A05","","","1"
"18330","21077","CALCULUS I","","","2020-05-18T16:22:51Z","","","","MA1021-A20-AX07","","","1"
"19317","21078","CALCULUS III","","","2020-05-26T14:20:10Z","","","","MA1023-A20-A10Y","","","1"
"19316","21079","CALCULUS I","","","2020-05-26T14:20:08Z","","","","MA1021-A20-A06","","","1"
"19318","21080","CALCULUS III","","","2020-05-26T14:20:10Z","","","","MA1023-A20-A11Y","","","1"
"19287","21081","CALCULUS I","","","2020-05-20T14:33:22Z","","","","MA1021-A20-A07","","","1"
"18331","21082","CALCULUS I","","","2020-05-18T16:22:51Z","","","","MA1021-A20-AX08","","","1"
"18322","21083","CALCULUS I","","","2020-05-18T16:22:50Z","","","","MA1021-A20-A08","","","1"
"18333","21084","CALCULUS I","","","2020-05-18T16:22:52Z","","","","MA1021-A20-AX09","","","1"
"20681","21085","CALCULUS III","","","2020-06-10T20:14:53Z","","","","MA1023-A20-A12Y","","","1"
"19311","21086","CALCULUS I","","","2020-05-26T14:20:06Z","","","","MA1021-A20-A09","","","1"
"19327","21087","CALCULUS III","","","2020-05-26T14:20:11Z","","","","MA1023-A20-AX10","","","1"
"19328","21088","CALCULUS III","","","2020-05-26T14:20:11Z","","","","MA1023-A20-AX11","","","1"
"20710","21090","CALCULUS III","","","2020-06-10T22:13:11Z","","","","MA1023-A20-A13Y","","","1"
"20720","21091","CALCULUS III","","","2020-06-10T22:13:25Z","","","","MA1023-A20-AX12","","","1"
"18334","21092","CALCULUS II","","","2020-05-18T16:22:52Z","","","","MA1022-A20-A01","","","1"
"19329","21093","CALCULUS III","","","2020-05-26T14:20:12Z","","","","MA1023-A20-AX13","","","1"
"20685","21094","CALCULUS III","","","2020-06-10T20:14:54Z","","","","MA1023-A20-AX14","","","1"
"18335","21095","CALCULUS II","","","2020-05-18T16:22:52Z","","","","MA1022-A20-A02","","","1"
"20722","21096","THEORETICAL CALCULUS III","","","2020-06-10T22:13:27Z","","","","MA1033-A20-A01Y","","","1"
"19319","21097","CALCULUS III","","","2020-05-26T14:20:10Z","","","","MA1023-A20-A14Y","","","1"
"20714","21098","CALCULUS III","","","2020-06-10T22:13:21Z","","","","MA1023-A20-AX15","","","1"
"18326","21099","DENKSPORT","","","2020-05-18T16:22:50Z","","","","MA1801-A20-A01","","","1"
"19320","21101","CALCULUS III","","","2020-05-26T14:20:10Z","","","","MA1023-A20-A15Y","","","1"
"18329","21102","A01","","","2020-05-18T16:22:51Z","","","","MA2051-A20-A01","","","1"
"18332","21102","A02","","","2020-05-18T16:22:52Z","","21103","","MA2051-A20-A01","","","1"
"18339","21102","A03","","","2020-05-18T16:22:56Z","","21105","","MA2051-A20-A01","","","1"
"18311","21102","A04","","","2020-05-18T16:22:47Z","","21110","","MA2051-A20-A01","","","1"
"18324","21102","A05","","","2020-05-18T16:22:50Z","","21113","","MA2051-A20-A01","","","1"
"18337","21102","A06","","","2020-05-18T16:22:54Z","","21116","","MA2051-A20-A01","","","1"
"19321","21104","CALCULUS III","","","2020-05-26T14:20:10Z","","","","MA1023-A20-A16Y","","","1"
"20686","21106","CALCULUS III","","","2020-06-10T20:14:54Z","","","","MA1023-A20-AX17","","","1"
"18303","21107","CALCULUS II","","","2020-05-18T16:22:45Z","","","","MA1022-A20-A03","","","1"
"20682","21108","CALCULUS III","","","2020-06-10T20:14:53Z","","","","MA1023-A20-A17Y","","","1"
"20718","21109","CALCULUS III","","","2020-06-10T22:13:24Z","","","","MA1023-A20-AX18","","","1"
"18306","21111","CALCULUS II","","","2020-05-18T16:22:46Z","","","","MA1022-A20-A04","","","1"
"20719","21112","CALCULUS III","","","2020-06-10T22:13:24Z","","","","MA1023-A20-AX19","","","1"
"20661","21114","CALCULUS III","","","2020-06-09T22:18:16Z","","","","MA1023-A20-A18Y","","","1"
"19313","21115","CALCULUS III","","","2020-05-26T14:20:07Z","","","","MA1023-A20-AX20","","","1"
"18307","21117","CALCULUS II","","","2020-05-18T16:22:46Z","","","","MA1022-A20-A05","","","1"
"19322","21118","CALCULUS III","","","2020-05-26T14:20:10Z","","","","MA1023-A20-A19Y","","","1"
"18328","21120","CALCULUS IV","","","2020-05-18T16:22:51Z","","","","MA1024-A20-A01","","","1"
"18308","21121","CALCULUS II","","","2020-05-18T16:22:46Z","","","","MA1022-A20-AX01","","","1"
"18336","21122","CALCULUS IV","","","2020-05-18T16:22:53Z","","","","MA1024-A20-A02","","","1"
"18312","21123","CALCULUS II","","","2020-05-18T16:22:47Z","","","","MA1022-A20-AX02","","","1"
"19323","21125","CALCULUS III","","","2020-05-26T14:20:10Z","","","","MA1023-A20-A20Y","","","1"
"20713","21126","CALCULUS IV","","","2020-06-10T22:13:21Z","","","","MA1024-A20-A03Y","","","1"
"18313","21127","CALCULUS II","","","2020-05-18T16:22:47Z","","","","MA1022-A20-AX03","","","1"
"18340","21128","MATRICES AND LINEAR ALGEBRA I","","","2020-05-18T16:22:57Z","","","","MA2071-A20-A01","","","1"
"20715","21129","CALCULUS IV","","","2020-06-10T22:13:22Z","","","","MA1024-A20-A04Y","","","1"
"18319","21130","CALCULUS III","","","2020-05-18T16:22:49Z","","","","MA1023-A20-AX01","","","1"
"20716","21131","CALCULUS IV","","","2020-06-10T22:13:22Z","","","","MA1024-A20-A05Y","","","1"
"18342","21132","MATRICES AND LINEAR ALGEBRA I","","","2020-05-18T16:22:57Z","","","","MA2071-A20-A02","","","1"
"18315","21133","CALCULUS II","","","2020-05-18T16:22:47Z","","","","MA1022-A20-AX04","","","1"
"20673","21134","CALCULUS IV","","","2020-06-10T20:14:52Z","","","","MA1024-A20-A06Y","","","1"
"18338","21135","MATRICES AND LINEAR ALGEBRA I","","","2020-05-18T16:22:55Z","","","","MA2071-A20-A03","","","1"
"20674","21136","CALCULUS II","","","2020-06-10T20:14:52Z","","","","MA1022-A20-AX05","","","1"
"20717","21138","CALCULUS IV","","","2020-06-10T22:13:23Z","","","","MA1024-A20-A07Y","","","1"
"18343","21139","MATRICES AND LINEAR ALGEBRA I","","","2020-05-18T16:22:58Z","","","","MA2071-A20-A04","","","1"
"18317","21140","CALCULUS III","","","2020-05-18T16:22:48Z","","","","MA1023-A20-A01","","","1"
"18349","21141","MATRICES AND LINEAR ALGEBRA I","","","2020-05-18T16:23:01Z","","","","MA2071-A20-A05","","","1"
"20659","21142","CALCULUS III","","","2020-06-09T20:11:42Z","","","","MA1023-A20-AX03","","","1"
"21199","21143","CALCULUS III","","","2020-08-06T19:30:43Z","","","","MA1023-A20-A02Y","","","1"
"18341","21144","CALCULUS IV","","","2020-05-18T16:22:57Z","","","","MA1024-A20-AX01","","","1"
"20678","21146","CALCULUS III","","","2020-06-10T20:14:52Z","","","","MA1023-A20-A03Y","","","1"
"18309","21147","CALCULUS IV","","","2020-05-18T16:22:46Z","","","","MA1024-A20-AX02","","","1"
"20709","21149","CALCULUS III","","","2020-06-10T22:13:10Z","","","","MA1023-A20-A04Y","","","1"
"19324","21150","CALCULUS III","","","2020-05-26T14:20:11Z","","","","MA1023-A20-AX04","","","1"
"20675","21151","CALCULUS IV","","","2020-06-10T20:14:52Z","","","","MA1024-A20-AX03","","","1"
"20676","21153","CALCULUS IV","","","2020-06-10T20:14:52Z","","","","MA1024-A20-AX04","","","1"
"19325","21154","CALCULUS III","","","2020-05-26T14:20:11Z","","","","MA1023-A20-AX05","","","1"
"20723","21156","CALCULUS IV","","","2020-06-10T22:13:28Z","","","","MA1024-A20-AX05","","","1"
"20660","21157","CALCULUS III","","","2020-06-09T22:18:14Z","","","","MA1023-A20-AX06","","","1"
"20677","21159","CALCULUS IV","","","2020-06-10T20:14:52Z","","","","MA1024-A20-AX06","","","1"
"18347","21161","APPLIED STATISTICS I","","","2020-05-18T16:23:01Z","","","","MA2611-A20-A04","","","1"
"20683","21162","CALCULUS III","","","2020-06-10T20:14:54Z","","","","MA1023-A20-AX07","","","1"
"20684","21163","CALCULUS III","","","2020-06-10T20:14:54Z","","","","MA1023-A20-AX08","","","1"
"18346","21164","THEORY OF INTEREST I","","","2020-05-18T16:23:00Z","","","","MA2211-A20-A01","","","1"
"18350","21165","APPLIED STATISTICS I","","","2020-05-18T16:23:02Z","","","","MA2611-A20-A01","","","1"
"20721","21166","CALCULUS IV","","","2020-06-10T22:13:26Z","","","","MA1024-A20-AX07","","","1"
"19326","21167","CALCULUS III","","","2020-05-26T14:20:11Z","","","","MA1023-A20-AX09","","","1"
"18355","21168","APPLIED STATISTICS I","","","2020-05-18T16:23:05Z","","","","MA2611-A20-A02","","","1"
"18361","21169","APPLIED STATISTICS I","","","2020-05-18T16:23:07Z","","","","MA2611-A20-A03","","","1"
"18353","21170","APPLIED STATISTICS I","","","2020-05-18T16:23:04Z","","","","MA2611-A20-A05","","","1"
"18369","21171","KINEMATICS OF MECHANISMS","","","2020-05-18T16:23:14Z","","","","ME3310-A20-A01","","","1"
"18411","21172","SPECIAL TOPICS","","","2020-05-18T16:23:35Z","","","","MTE594-A20-A91S","","","1"
"18393","21174","CONTROL OF LINEAR DYNAMICAL SYSTEMS","","","2020-05-18T16:23:29Z","","","","ME5220-A20-A91","","","1"
"18374","21175","KINEMATICS OF MECHANISMS","","","2020-05-18T16:23:18Z","","","","ME3310-A20-A02","","","1"
"18413","21176","SPECIAL TOPICS","","","2020-05-18T16:23:35Z","","","","MTE594-A20-A97B","","","1"
"18377","21177","DESIGN OF MACHINE ELEMENTS","","","2020-05-18T16:23:21Z","","","","ME3320-A20-A01","","","1"
"18416","21178","INTRODUCTION TO MUSIC","","","2020-05-18T16:23:35Z","","","","MU1511-A20-A01","","","1"
"18395","21179","FIBER OPTICAL SENSORS","","","2020-05-18T16:23:29Z","","","","ME5225-A20-A91","","","1"
"18418","21180","FUNDAMENTALS OF MUSIC I","","","2020-05-18T16:23:37Z","","","","MU1611-A20-A01","","","1"
"18379","21181","COMPRESSIBLE FLUID DYNAMICS","","","2020-05-18T16:23:22Z","","","","ME3410-A20-A01","","","1"
"18422","21183","FUNDAMENTALS OF MUSIC I","","","2020-05-18T16:23:38Z","","","","MU1611-A20-A02","","","1"
"18370","21184","ENGINEERING EXPERIMENTATION","","","2020-05-18T16:23:15Z","","","","ME3901-A20-A01","","","1"
"18424","21186","FUNDAMENTALS OF MUSIC I","","","2020-05-18T16:23:40Z","","","","MU1611-A20-A03","","","1"
"18376","21187","ENGINEERING EXPERIMENTATION","","","2020-05-18T16:23:19Z","","","","ME3901-A20-A02","","","1"
"18396","21188","STRUCTURE AND PROPERTIES OF ENGINEERING MATERIALS","","","2020-05-18T16:23:29Z","","","","ME5311-A20-A91","","","1"
"18380","21189","ENGINEERING EXPERIMENTATION","","","2020-05-18T16:23:22Z","","","","ME3901-A20-A03","","","1"
"18390","21190","STRUCTURE AND PROPERTIES OF ENGINEERING MATERIALS","","","2020-05-18T16:23:28Z","","","","ME5311-A20-A960","","","1"
"18378","21191","ME3902-A20-A016","","","2020-05-18T16:23:22Z","","","","ME3902-A20-A016","","","1"
"20791","21191","ME3902-A20-A601","","","2020-06-18T18:19:04Z","","24529","","ME3902-A20-A016","","","1"
"18392","21192","ME5332-A20-A91","","","2020-05-18T16:23:28Z","","","","ME5332-A20-A91","","","1"
"18421","21192","MTE532-A20-A91","","","2020-05-18T16:23:38Z","","21234","","ME5332-A20-A91","","","1"
"18401","21192","MTE532-A20-A960","","","2020-05-18T16:23:32Z","","21237","","ME5332-A20-A91","","","1"
"18394","21194","APPLIED ELASTICITY","","","2020-05-18T16:23:29Z","","","","ME5381-A20-A91","","","1"
"18427","21195","FUNDAMENTALS OF MUSIC I","","","2020-05-18T16:23:42Z","","","","MU1611-A20-A04","","","1"
"18398","21196","SPECIAL TOPICS","","","2020-05-18T16:23:31Z","","","","ME593-A20-A96O","","","1"
"18382","21197","ADVANCED ENGINEERING DESIGN","","","2020-05-18T16:23:23Z","","","","ME4320-A20-A01","","","1"
"18405","21198","FOUNDATIONS OF MUSIC TECHNOLOGY","","","2020-05-18T16:23:34Z","","","","MU2300-A20-A01","","","1"
"18388","21199","MODELING AND ANALYSIS OF MECHATRONIC SYSTEMS","","","2020-05-18T16:23:27Z","","","","ME4322-A20-A01","","","1"
"18399","21200","ME593-A20-A96S","","","2020-05-18T16:23:32Z","","","","ME593-A20-A96S","","","1"
"18402","21200","MFE594-A20-A96S","","","2020-05-18T16:23:33Z","","21206","","ME593-A20-A96S","","","1"
"18412","21200","MTE594-A20-A96S","","","2020-05-18T16:23:35Z","","21173","","ME593-A20-A96S","","","1"
"18414","21201","MUSIC HISTORY I: MEDIEVAL THROUGH THE BAROQUE","","","2020-05-18T16:23:35Z","","","","MU2720-A20-A01","","","1"
"18381","21202","THERMOFLUID APPLICATION AND DESIGN","","","2020-05-18T16:23:23Z","","","","ME4429-A20-A01","","","1"
"18400","21203","SPECIAL TOPICS","","","2020-05-18T16:23:32Z","","","","ME593-A20-A97B","","","1"
"18419","21204","MAKING MUSIC WITH MACHINES","","","2020-05-18T16:23:37Z","","","","MU2801-A20-A01","","","1"
"18389","21205","INTRODUCTION TO THE FINITE ELEMENT METHOD","","","2020-05-18T16:23:27Z","","","","ME4512-A20-A01","","","1"
"18403","21209","BUSINESS APPLICATIONS OF MACHINE LEARNING","","","2020-05-18T16:23:33Z","","","","MIS3787-A20-A01","","","1"
"18423","21210","ARRANGING AND ORCHESTRATION","","","2020-05-18T16:23:40Z","","","","MU3002-A20-A01","","","1"
"18397","21211","CERAMICS AND GLASSES FOR ENGINEERING APPLICATIONS","","","2020-05-18T16:23:29Z","","","","ME4813-A20-A01","","","1"
"20724","21212","FOUNDATIONS OF OFFICERSHIP I","","","2020-06-10T22:13:36Z","","","","ML1011-A20-A01","","","1"
"18426","21213","TOPICS IN INTERACTIVE PROGRAMMING","","","2020-05-18T16:23:42Z","","","","MU3616-A20-A01","","","1"
"18406","21214","INDIVIDUAL LEADERSHIP STUDIES I","","","2020-05-18T16:23:34Z","","","","ML2011-A20-A01","","","1"
"18383","21215","BIOMEDICAL MATERIALS","","","2020-05-18T16:23:23Z","","","","ME4814-A20-A01","","","1"
"18409","21217","LEADERSHIP AND PROBLEM SOLVING I","","","2020-05-18T16:23:34Z","","","","ML3011-A20-A01","","","1"
"18384","21218","INTRODUCTION TO NANOMATERIALS AND NANOTECHNOLOGY","","","2020-05-18T16:23:24Z","","","","ME4875-A20-A01","","","1"
"18410","21220","LEADERSHIP AND MANAGEMENT I","","","2020-05-18T16:23:35Z","","","","ML4011-A20-A01","","","1"
"18428","21222","GUITAL FABRICATION TECHNOLOGY","","","2020-05-18T16:23:43Z","","","","MU3999-A20-VJM","","","1"
"21220","21223","CLASSICAL MECHANICS","","","2020-08-07T23:22:22Z","","","","MPE510-A20-A91","","","1"
"18415","21226","ELECTRON MICROSCOPY","","","2020-05-18T16:23:35Z","","","","MTE509-A20-A91","","","1"
"18385","21227","APPLIED ANALYTICAL METHODS IN ENGINEERING","","","2020-05-18T16:23:25Z","","","","ME5000-A20-A91","","","1"
"18417","21228","STRUCTURE AND PROPERTIES OF ENGINEERING MATERIALS","","","2020-05-18T16:23:36Z","","","","MTE511-A20-A91","","","1"
"18386","21230","APPLIED ANALYTICAL METHODS IN ENGINEERING","","","2020-05-18T16:23:26Z","","","","ME5000-A20-A960","","","1"
"18420","21231","STRUCTURE AND PROPERTIES OF ENGINEERING MATERIALS","","","2020-05-18T16:23:37Z","","","","MTE511-A20-A960","","","1"
"18387","21235","FLUID DYNAMICS","","","2020-05-18T16:23:27Z","","","","ME5101-A20-A91","","","1"
"18431","21239","INTRODUCTION TO PRESCRIPTIVE ANALYTICS","","","2020-05-18T16:23:43Z","","","","OIE2081-A20-A01","","","1"
"18404","21240","INTRODUCTION TO NANOMATERIALS AND NANOTECHNOLOGY","","","2020-05-18T16:23:33Z","","","","MTE575-A20-A91","","","1"
"18391","21241","ADVANCED DYNAMICS","","","2020-05-18T16:23:28Z","","","","ME5202-A20-A960","","","1"
"18407","21242","CERAMICS AND GLASSES FOR ENGINEERING APPLICATIONS","","","2020-05-18T16:23:34Z","","","","MTE5816-A20-A91","","","1"
"18408","21243","QUALITY PLANNING, DESIGN AND CONTROL","","","2020-05-18T16:23:34Z","","","","OIE3420-A20-A01","","","1"
"18425","21244","PRACTICAL OPTIMIZATION: METHODS AND APPLICATIONS","","","2020-05-18T16:23:40Z","","","","OIE4420-A20-A01","","","1"
"18429","21245","PROJECT CENTER - MITRE CORP","","","2020-05-18T16:23:43Z","","","","PC1000-A20-A01","","","1"
"18440","21247","CO-ED VOLLEYBALL","","","2020-05-18T16:23:49Z","","","","PE1018-A20-A01","","","1"
"18464","21248","VARSITY WOMEN'S VOLLEYBALL TEAM","","","2020-05-18T16:24:07Z","","","","PE2005-A20-A01","","","1"
"18466","21249","VARSITY MEN'S AND WOMEN'S CROSS COUNTRY TEAM","","","2020-05-18T16:24:08Z","","","","PE2006-A20-A01","","","1"
"18468","21250","VARSITY MEN'S CREW TEAM","","","2020-05-18T16:24:09Z","","","","PE2015-A20-A01","","","1"
"18445","21251","SOCCER","","","2020-05-18T16:23:54Z","","","","PE1019-A20-A01","","","1"
"18472","21252","VARSITY WOMEN'S CREW TEAM","","","2020-05-18T16:24:10Z","","","","PE2016-A20-A01","","","1"
"18448","21253","SOCCER","","","2020-05-18T16:23:58Z","","","","PE1019-A20-A02","","","1"
"18473","21254","GENERAL PHYSICS-MECHANICS","","","2020-05-18T16:24:12Z","","","","PH1110-A20-A01S","","","1"
"18450","21255","SOCCER","","","2020-05-18T16:24:00Z","","","","PE1019-A20-A03","","","1"
"18475","21256","GENERAL PHYSICS-MECHANICS","","","2020-05-18T16:24:13Z","","","","PH1110-A20-A02S","","","1"
"18454","21257","PLYOMETRICS","","","2020-05-18T16:24:04Z","","","","PE1054-A20-A01","","","1"
"18477","21258","GENERAL PHYSICS-MECHANICS","","","2020-05-18T16:24:14Z","","","","PH1110-A20-A03S","","","1"
"18460","21259","PLYOMETRICS","","","2020-05-18T16:24:06Z","","","","PE1054-A20-A02","","","1"
"18478","21260","GENERAL PHYSICS-MECHANICS","","","2020-05-18T16:24:15Z","","","","PH1110-A20-A04S","","","1"
"18465","21261","PLYOMETRICS","","","2020-05-18T16:24:08Z","","","","PE1054-A20-A03","","","1"
"18359","21262","PROBABILITY FOR APPLICATIONS","","","2020-05-18T16:23:07Z","","","","MA2621-A20-A01","","","1"
"18451","21263","PHYSICAL CONDITIONING","","","2020-05-18T16:24:00Z","","","","PE1055-A20-A01","","","1"
"18348","21264","PROBABILITY FOR APPLICATIONS","","","2020-05-18T16:23:01Z","","","","MA2621-A20-A02","","","1"
"18452","21265","WEIGHT TRAINING PROGRAM FOR WOMEN","","","2020-05-18T16:24:02Z","","","","PE1059-A20-A01","","","1"
"18458","21266","LEISURE EDUCATION: REDEFINING SOCIAL NORMS","","","2020-05-18T16:24:06Z","","","","PE1070-A20-A01","","","1"
"18462","21267","LEISURE EDUCATION: REDEFINING SOCIAL NORMS","","","2020-05-18T16:24:07Z","","","","PE1070-A20-A02","","","1"
"18481","21268","GENERAL PHYSICS-MECHANICS","","","2020-05-18T16:24:15Z","","","","PH1110-A20-A05S","","","1"
"18482","21269","GENERAL PHYSICS-MECHANICS","","","2020-05-18T16:24:15Z","","","","PH1110-A20-A06S","","","1"
"18467","21270","LEISURE EDUCATION: REDEFINING SOCIAL NORMS","","","2020-05-18T16:24:08Z","","","","PE1070-A20-A03","","","1"
"20855","21271","GENERAL PHYSICS-MECHANICS","","","2020-06-26T16:19:01Z","","","","PH1110-A20-A07","","","1"
"18469","21272","AQUATIC CONDITIONING","","","2020-05-18T16:24:09Z","","","","PE1078-A20-A01","","","1"
"18483","21273","GENERAL PHYSICS-MECHANICS","","","2020-05-18T16:24:16Z","","","","PH1110-A20-A08","","","1"
"18471","21274","AQUATIC GAMES","","","2020-05-18T16:24:10Z","","","","PE1080-A20-A01","","","1"
"18484","21275","GENERAL PHYSICS-MECHANICS","","","2020-05-18T16:24:16Z","","","","PH1110-A20-A09","","","1"
"18474","21276","HEALTHY ALTERNATIVE","","","2020-05-18T16:24:12Z","","","","PE1099-A20-A01","","","1"
"18486","21277","GENERAL PHYSICS-MECHANICS","","","2020-05-18T16:24:17Z","","","","PH1110-A20-A10","","","1"
"18453","21278","HEALTHY ALT:RAD-SELF DEF WOMEN","","","2020-05-18T16:24:02Z","","","","PE1099-A20-A01R","","","1"
"18487","21279","GENERAL PHYSICS-MECHANICS","","","2020-05-18T16:24:18Z","","","","PH1110-A20-A11","","","1"
"18457","21280","HEALTHY ALTERN: ZUMBA","","","2020-05-18T16:24:05Z","","","","PE1099-A20-A01Z","","","1"
"18488","21281","GENERAL PHYSICS-MECHANICS","","","2020-05-18T16:24:18Z","","","","PH1110-A20-A12","","","1"
"18470","21282","HEALTHY ALTERN: ZUMBA","","","2020-05-18T16:24:10Z","","","","PE1099-A20-A02Z","","","1"
"20827","21283","GENERAL PHYSICS-MECHANICS","","","2020-06-24T16:23:31Z","","","","PH1110-A20-A13","","","1"
"18476","21284","CLUB SPORT - FENCING TEAM","","","2020-05-18T16:24:14Z","","","","PE1205-A20-A01","","","1"
"18480","21285","CLUB SPORT - KARATE","","","2020-05-18T16:24:15Z","","","","PE1207-A20-A01","","","1"
"18489","21286","GENERAL PHYSICS-MECHANICS","","","2020-05-18T16:24:19Z","","","","PH1110-A20-A14","","","1"
"18455","21287","CLUB SPORT - SMAS:BOFFER GAMES","","","2020-05-18T16:24:04Z","","","","PE1220-A20-A01","","","1"
"18492","21288","GENERAL PHYSICS-MECHANICS","","","2020-05-18T16:24:20Z","","","","PH1110-A20-A15","","","1"
"18456","21289","VARSITY FOOTBALL TEAM","","","2020-05-18T16:24:05Z","","","","PE2001-A20-A01","","","1"
"18493","21290","GENERAL PHYSICS-MECHANICS","","","2020-05-18T16:24:20Z","","","","PH1110-A20-A16","","","1"
"18494","21291","GENERAL PHYSICS-MECHANICS","","","2020-05-18T16:24:21Z","","","","PH1110-A20-A17","","","1"
"18499","21292","GENERAL PHYSICS-MECHANICS","","","2020-05-18T16:24:22Z","","","","PH1110-A20-A18","","","1"
"18459","21293","VARSITY MEN'S SOCCER TEAM","","","2020-05-18T16:24:06Z","","","","PE2002-A20-A01","","","1"
"18461","21294","VARSITY WOMEN'S SOCCER TEAM","","","2020-05-18T16:24:07Z","","","","PE2003-A20-A01","","","1"
"20868","21295","GENERAL PHYSICS-MECHANICS","","","2020-06-29T18:24:05Z","","","","PH1110-A20-A19","","","1"
"18463","21296","VARSITY FIELD HOCKEY TEAM","","","2020-05-18T16:24:07Z","","","","PE2004-A20-A01","","","1"
"18500","21297","GENERAL PHYSICS-MECHANICS","","","2020-05-18T16:24:22Z","","","","PH1110-A20-A20","","","1"
"20815","21298","PRINCIPLES OF PHYSICS-MECHANICS","","","2020-06-23T20:13:34Z","","","","PH1111-A20-A01","","","1"
"19330","21299","PRINCIPLES OF PHYSICS-MECHANICS","","","2020-05-26T14:20:29Z","","","","PH1111-A20-A02","","","1"
"18503","21300","PHILOSOPHY OF SCIENCE","","","2020-05-18T16:24:24Z","","","","PY2719-A20-A01","","","1"
"18507","21301","SUFFERING, HEALING & VALUES","","","2020-05-18T16:24:26Z","","","","PY2732-A20-A01","","","1"
"20726","21302","PRINCIPLES OF PHYSICS-MECHANICS","","","2020-06-10T22:13:53Z","","","","PH1111-A20-A03","","","1"
"18509","21303","INTRODUCTION TO ROBOTICS (FORMERLY ES 2201)","","","2020-05-18T16:24:28Z","","","","RBE1001-A20-A01","","","1"
"20729","21304","PRINCIPLES OF PHYSICS-MECHANICS","","","2020-06-10T22:13:54Z","","","","PH1111-A20-A04","","","1"
"18512","21305","INTRODUCTION TO ROBOTICS (FORMERLY ES 2201)","","","2020-05-18T16:24:29Z","","","","RBE1001-A20-A02","","","1"
"19331","21306","PRINCIPLES OF PHYSICS-MECHANICS","","","2020-05-26T14:20:29Z","","","","PH1111-A20-A05","","","1"
"18506","21307","UNIFIED ROBOTICS I","","","2020-05-18T16:24:26Z","","","","RBE2001-A20-A01","","","1"
"18513","21308","UNIFIED ROBOTICS I","","","2020-05-18T16:24:30Z","","","","RBE2001-A20-A02","","","1"
"18502","21309","PRINCIPLES OF PHYSICS-MECHANICS","","","2020-05-18T16:24:23Z","","","","PH1111-A20-A06","","","1"
"20725","21311","PRINCIPLES OF PHYSICS-MECHANICS","","","2020-06-10T22:13:51Z","","","","PH1111-A20-A07","","","1"
"20687","21312","PRINCIPLES OF PHYSICS-MECHANICS","","","2020-06-10T20:15:14Z","","","","PH1111-A20-A08","","","1"
"18526","21313","UNIFIED ROBOTICS III","","","2020-05-18T16:24:34Z","","","","RBE3001-A20-A01","","","1"
"20727","21314","PRINCIPLES OF PHYSICS-MECHANICS","","","2020-06-10T22:13:53Z","","","","PH1111-A20-A09","","","1"
"18510","21315","UNIFIED ROBOTICS III","","","2020-05-18T16:24:28Z","","","","RBE3001-A20-A02","","","1"
"20728","21316","PRINCIPLES OF PHYSICS-MECHANICS","","","2020-06-10T22:13:54Z","","","","PH1111-A20-A10","","","1"
"18511","21317","SOCIAL IMPLICATIONS OF ROBOTICS","","","2020-05-18T16:24:29Z","","","","RBE3100-A20-A01","","","1"
"20818","21318","PRINCIPLES OF PHYSICS-MECHANICS","","","2020-06-23T22:13:44Z","","","","PH1111-A20-A11","","","1"
"18504","21319","MODERN PHYSICS","","","2020-05-18T16:24:24Z","","","","PH1130-A20-A01","","","1"
"18479","21321","MODERN PHYSICS","","","2020-05-18T16:24:15Z","","","","PH1130-A20-A02","","","1"
"18514","21322","MODELING AND ANALYSIS OF MECHATRONIC SYSTEMS.","","","2020-05-18T16:24:31Z","","","","RBE4322-A20-A01","","","1"
"18515","21323","SPECIAL TOPICS","","","2020-05-18T16:24:31Z","","","","RBE595-A20-A91","","","1"
"18485","21324","MODERN PHYSICS","","","2020-05-18T16:24:17Z","","","","PH1130-A20-A03","","","1"
"18517","21325","SPECIAL TOPICS","","","2020-05-18T16:24:32Z","","","","RBE595-A20-A91H","","","1"
"18490","21326","INTERMEDIATE MECHANICS I","","","2020-05-18T16:24:19Z","","","","PH2201-A20-A01","","","1"
"18518","21327","SPECIAL TOPICS","","","2020-05-18T16:24:32Z","","","","RBE595-A20-A91M","","","1"
"18491","21328","ELECTROMAGNETIC FIELDS","","","2020-05-18T16:24:20Z","","","","PH2301-A20-A01","","","1"
"18520","21329","INTRODUCTION TO PHILOSOPHY AND RELIGION","","","2020-05-18T16:24:33Z","","","","RE1731-A20-A01","","","1"
"18497","21330","INTERMEDIATE PHYSICS LABORATORY","","","2020-05-18T16:24:22Z","","","","PH2651-A20-A01","","","1"
"18522","21331","INTRODUCTION TO PHILOSOPHY AND RELIGION","","","2020-05-18T16:24:33Z","","","","RE1731-A20-A02","","","1"
"18524","21332","INTRODUCTION TO PHILOSOPHY AND RELIGION","","","2020-05-18T16:24:34Z","","","","RE1731-A20-A03","","","1"
"18525","21334","RELIGIOUS AND SPIRITUAL TRADITIONS","","","2020-05-18T16:24:34Z","","","","RE2725-A20-A01","","","1"
"18527","21336","SUFFERING, HEALING & VALUES","","","2020-05-18T16:24:34Z","","","","RE2732-A20-A01","","","1"
"18498","21337","INTRODUCTION TO PSYCHOLOGICAL SCIENCE","","","2020-05-18T16:24:22Z","","","","PSY1400-A20-A01","","","1"
"18530","21338","INTRODUCTION TO SYSTEM DYNAMICS MODELING","","","2020-05-18T16:24:34Z","","","","SD1510-A20-A01","","","1"
"18532","21339","INTERMEDIATE SPANISH I","","","2020-05-18T16:24:35Z","","","","SP2521-A20-A01","","","1"
"18505","21340","DEVELOPMENTAL PSYCHOLOGY","","","2020-05-18T16:24:26Z","","","","PSY1404-A20-A01","","","1"
"18533","21341","INTERMEDIATE SPANISH I","","","2020-05-18T16:24:36Z","","","","SP2521-A20-A02","","","1"
"18516","21342","INTERMEDIATE SPANISH I","","","2020-05-18T16:24:32Z","","","","SP2521-A20-A03","","","1"
"18508","21344","SURVEY DESIGN AND METHODOLOGY","","","2020-05-18T16:24:28Z","","","","PSY340X-A20-A01","","","1"
"18521","21345","INTERMEDIATE SPANISH I","","","2020-05-18T16:24:33Z","","","","SP2521-A20-A04","","","1"
"18495","21346","INTRODUCTION TO PHILOSOPHY AND RELIGION","","","2020-05-18T16:24:21Z","","","","PY1731-A20-A01","","","1"
"18496","21347","INTRODUCTION TO PHILOSOPHY AND RELIGION","","","2020-05-18T16:24:21Z","","","","PY1731-A20-A02","","","1"
"18501","21348","INTRODUCTION TO PHILOSOPHY AND RELIGION","","","2020-05-18T16:24:22Z","","","","PY1731-A20-A03","","","1"
"18529","21349","INTERMEDIATE SPANISH I","","","2020-05-18T16:24:34Z","","","","SP2521-A20-A05","","","1"
"18534","21350","TOPICS IN LATIN AMERICAN CULTURE","","","2020-05-18T16:24:36Z","","","","SP3523-A20-A01","","","1"
"18537","21351","STUDIES IN SPANISH LITERATURE: ARTISTIC EXPRESSION AND NATION BUILDING","","","2020-05-18T16:24:39Z","","","","SP3532-A20-A01","","","1"
"18351","21353","PROBABILITY FOR APPLICATIONS","","","2020-05-18T16:23:03Z","","","","MA2621-A20-A03","","","1"
"18542","21354","ELEMENTS OF WRITING","","","2020-05-18T16:24:42Z","","","","WR1010-A20-A01","","","1"
"18358","21355","PROBABILITY FOR APPLICATIONS","","","2020-05-18T16:23:06Z","","","","MA2621-A20-A04","","","1"
"18519","21359","ELEMENTS OF WRITING","","","2020-05-18T16:24:32Z","","","","WR1010-A20-A02","","","1"
"18523","21362","WRITING ABOUT SCIENCE AND TECHNOLOGY","","","2020-05-18T16:24:33Z","","","","WR1011-A20-A01","","","1"
"18430","21363","PROJECT CENTER - ZURICH, SWITZ","","","2020-05-18T16:23:43Z","","","","PC1000-A20-A07","","","1"
"18528","21365","INTRODUCTION TO RHETORIC","","","2020-05-18T16:24:34Z","","","","WR1020-A20-A01","","","1"
"18531","21367","ELEMENTS OF STYLE","","","2020-05-18T16:24:35Z","","","","WR2010-A20-A01","","","1"
"18535","21370","BUSINESS WRITING AND COMMUNICATION","","","2020-05-18T16:24:37Z","","","","WR2210-A20-A01","","","1"
"18432","21372","PROJECT CENTER - JAPAN","","","2020-05-18T16:23:43Z","","","","PC1000-A20-A12","","","1"
"18536","21373","WRITING CHARACTERS FOR INTERACTIVE MEDIA & GAMES","","","2020-05-18T16:24:38Z","","","","WR2400-A20-A01","","","1"
"18433","21374","PROJECT CENTER - REYKJAVIK IQP","","","2020-05-18T16:23:44Z","","","","PC1000-A20-A14","","","1"
"18538","21375","WRITING IN THE LIFE SCIENCES","","","2020-05-18T16:24:39Z","","","","WR250X-A20-A01","","","1"
"18540","21377","TEACHING WRITING","","","2020-05-18T16:24:40Z","","","","WR3011-A20-A01","","","1"
"18437","21378","PROJECT CENTER - PANAMA CITY","","","2020-05-18T16:23:48Z","","","","PC1000-A20-A17","","","1"
"18539","21379","TECHNICAL WRITING","","","2020-05-18T16:24:39Z","","","","WR3210-A20-A01","","","1"
"18439","21382","WELLNESS","","","2020-05-18T16:23:49Z","","","","PE1006-A20-A01","","","1"
"18442","21384","BASIC WATER SAFETY","","","2020-05-18T16:23:52Z","","","","PE1007-A20-A01","","","1"
"18443","21386","ROWING FOR FITNESS","","","2020-05-18T16:23:53Z","","","","PE1008-A20-A01","","","1"
"18541","21387","ACTING: CONTEMPORARY STYLES","","","2020-05-18T16:24:41Z","","","","TH110X-A20-A01","","","1"
"18434","21388","WALKING FOR FITNESS","","","2020-05-18T16:23:46Z","","","","PE1009-A20-A02","","","1"
"18441","21390","WALKING FOR FITNESS","","","2020-05-18T16:23:50Z","","","","PE1009-A20-A03","","","1"
"18446","21392","TOUCH FOOTBALL","","","2020-05-18T16:23:55Z","","","","PE1011-A20-A01","","","1"
"18435","21394","TOUCH FOOTBALL","","","2020-05-18T16:23:48Z","","","","PE1011-A20-A02","","","1"
"18438","21396","BASKETBALL","","","2020-05-18T16:23:48Z","","","","PE1012-A20-A01","","","1"
"18444","21398","BASKETBALL","","","2020-05-18T16:23:53Z","","","","PE1012-A20-A02","","","1"
"18447","21400","SOFTBALL","","","2020-05-18T16:23:56Z","","","","PE1013-A20-A01","","","1"
"18449","21411","SOFTBALL","","","2020-05-18T16:23:59Z","","","","PE1013-A20-A02","","","1"
"18436","21412","SQUASH & RACQUETBALL","","","2020-05-18T16:23:48Z","","","","PE1016-A20-A01","","","1"
"18362","21413","PROBABILITY FOR APPLICATIONS","","","2020-05-18T16:23:07Z","","","","MA2621-A20-A05","","","1"
"18360","21414","PROBABILITY","","","2020-05-18T16:23:07Z","","","","MA2631-A20-A01","","","1"
"18363","21416","LINEAR PROGRAMMING","","","2020-05-18T16:23:11Z","","","","MA3231-A20-A01","","","1"
"18372","21417","PRINCIPLES OF REAL ANALYSIS I","","","2020-05-18T16:23:16Z","","","","MA3831-A20-A01","","","1"
"18364","21418","LOSS MODELS I - RISK THEORY","","","2020-05-18T16:23:12Z","","","","MA4213-A20-A01","","","1"
"18366","21419","ACTUARIAL SEMINAR","","","2020-05-18T16:23:13Z","","","","MA4216-A20-A01","","","1"
"18367","21420","NUMERICAL ANALYSIS OF DIFFERENTIAL EQUATIONS","","","2020-05-18T16:23:13Z","","","","MA4411-A20-A01","","","1"
"18368","21421","BOUNDARY VALUE PROBLEMS","","","2020-05-18T16:23:13Z","","","","MA4451-A20-A01","","","1"
"18371","21428","MANUFACTURING SCIENCE, PROTOTYPING, AND COMPUTER-CONTROLLED MACHINING","","","2020-05-18T16:23:15Z","","","","ME1800-A20-A01","","","1"
"18373","21429","MANUFACTURING SCIENCE, PROTOTYPING, AND COMPUTER-CONTROLLED MACHINING","","","2020-05-18T16:23:17Z","","","","ME1800-A20-A02","","","1"
"18375","21430","MANUFACTURING SCIENCE, PROTOTYPING, AND COMPUTER-CONTROLLED MACHINING","","","2020-05-18T16:23:18Z","","","","ME1800-A20-A03","","","1"
"18365","21431","MANUFACTURING SCIENCE, PROTOTYPING, AND COMPUTER-CONTROLLED MACHINING","","","2020-05-18T16:23:12Z","","","","ME1800-A20-A04","","","1"
"19352","24442","INTRODUCTION TO BUILDING FIRES SAFETY SYSTEM DESIGN","","","2020-05-27T14:17:14Z","","","","FP3080-A20-A01","","","1"
"20766","24508","CALCULUS II","","","2020-06-15T16:22:56Z","","","","MA1022-A20-A06","","","1"
"20767","24509","CALCULUS II","","","2020-06-15T16:22:57Z","","","","MA1022-A20-AX06","","","1"
"20782","24524","PROJECT-BASED ENGINEERING EXPERIMENTATION","","","2020-06-18T10:11:09Z","","","","ME3902-A20-A01","","","1"
"20798","24532","A TERM CO-OP:CONMED R&D ENG","","","2020-06-19T20:12:00Z","","","","CP1001-A20-A154","","","1"
"20801","24533","A TERM CO-OP:SIEMENS","","","2020-06-22T16:11:04Z","","","","CP1001-A20-A157","","","1"
"20819","24544","MODERN PHYSICS","","","2020-06-23T22:13:45Z","","","","PH1130-A20-A04","","","1"
"20826","24547","TEAM SPORTS A","","","2020-06-24T16:23:28Z","","","","PE301X-A20-A01","","","1"
"20836","24548","FITNESS: FUNDAMENTALS OF CARDIO","","","2020-06-25T16:24:23Z","","","","PE303X-A20-A01","","","1"
"20837","24549","INDIVIDUAL SPORTS A","","","2020-06-25T16:24:24Z","","","","PE305X-A20-A01","","","1"
"20843","24550","WELLNESS","","","2020-06-25T18:20:34Z","","","","PE1006-A20-A02","","","1"
"20865","24570","INTRODUCTION TO PROGRAM DESIGN","","","2020-06-29T16:15:13Z","","","","CS1101-A20-AX13","","","1"
"20866","24571","INTRODUCTION TO PROGRAM DESIGN","","","2020-06-29T16:15:14Z","","","","CS1101-A20-AX14","","","1"
"21130","24584","CALCULUS I","","","2020-07-28T18:26:25Z","","","","MA1021-A20-A11W","","","1"
"21046","24585","CALCULUS II","","","2020-07-14T14:13:08Z","","","","MA1022-A20-A07W","","","1"
"21127","24586","CALCULUS III","","","2020-07-28T14:44:11Z","","","","MA1023-A20-A21W","","","1"
"20894","24589","CALCULUS IV","","","2020-07-06T20:24:07Z","","","","MA1024-A20-A08W","","","1"
"20901","24610","ADVANCED DYNAMICS","","","2020-07-08T10:21:21Z","","","","ME5202-A20-A101","","","1"
"21043","24746","KILN TECHNOLOGY","","","2020-07-13T16:12:32Z","","","","CHE4999-A20-JW1","","","1"
"21069","24760","sds test course","","","2020-07-17T18:55:34Z","","","","","","","1"
"21107","24793","A TERM CO-OP:TRANS ASTRO CORP","","","2020-07-20T21:15:23Z","","","","CP1001-A20-A158","","","1"
"21110","24797","A TERM CO-OP:CLEAR ALIGN INC.","","","2020-07-21T14:14:58Z","","","","CP1001-A20-A159","","","1"
"21125","24801","CALCULUS II","","","2020-07-27T19:40:40Z","","","","MA1022-A20-A","","","1"
"21301","24803","CALCULUS III","","","2020-08-11T20:22:55Z","","","","MA1023-A20-A","","","1"
"21139","24804","CALCULUS IV","","","2020-07-29T14:16:43Z","","","","MA1024-A20-A","","","1"
"21116","24808","A TERM CO-OP:RAYTHEON TECH","","","2020-07-22T22:22:58Z","","","","CP1001-A20-A160","","","1"
"21126","24816","DISNEY IMAGINATIONS","","","2020-07-28T13:27:39Z","","","","IMGD3999-A20-DMO","","","1"
"21141","24818","CAPSTONE EXPERIENCE IN BIOLOGY AND BIOTECHNOLOGY","","","2020-07-29T19:36:15Z","","","","BB590-A20-A91","","","1"
"21156","24831","BRAIN WAVE ANALYTICS","","","2020-07-31T19:42:21Z","","","","CS3999-A20-RN1","","","1"
"21164","24836","A TERM CO-OP:TERADYNE","","","2020-08-05T13:19:12Z","","","","CP1001-A20-A161","","","1"
"21172","24840","GENERAL PHYSICS-MECHANICS","","","2020-08-05T22:20:47Z","","","","PH1110-A20-A01","","","1"
"21173","24841","GENERAL PHYSICS-MECHANICS","","","2020-08-05T22:20:48Z","","","","PH1110-A20-A02","","","1"
"21174","24842","GENERAL PHYSICS-MECHANICS","","","2020-08-05T22:20:50Z","","","","PH1110-A20-A03","","","1"
"21175","24843","GENERAL PHYSICS-MECHANICS","","","2020-08-05T22:20:52Z","","","","PH1110-A20-A04","","","1"
"21176","24844","GENERAL PHYSICS-MECHANICS","","","2020-08-05T22:20:54Z","","","","PH1110-A20-A05","","","1"
"21177","24845","GENERAL PHYSICS-MECHANICS","","","2020-08-05T22:20:55Z","","","","PH1110-A20-A06","","","1"
"21200","24858","CALCULUS III","","","2020-08-06T19:30:45Z","","","","MA1023-A20-A01Y","","","1"
"21202","24859","CALCULUS III","","","2020-08-06T19:30:51Z","","","","MA1023-A20-A11","","","1"
"21212","24860","CALCULUS III","","","2020-08-07T16:22:59Z","","","","MA1023-A20-A19","","","1"
"21247","24861","CALCULUS III","","","2020-08-10T20:30:28Z","","","","MA1023-A20-A22","","","1"
"21211","24862","CALCULUS III","","","2020-08-07T16:22:58Z","","","","MA1023-A20-A23","","","1"
"21201","24863","CALCULUS III","","","2020-08-06T19:30:50Z","","","","MA1023-A20-A24Y","","","1"
"21203","24864","CALCULUS III","","","2020-08-06T19:30:52Z","","","","MA1023-A20-A25W","","","1"
"21204","24865","CALCULUS III","","","2020-08-06T19:30:53Z","","","","MA1023-A20-CC","","","1"
"21205","24866","CALCULUS III","","","2020-08-06T19:30:55Z","","","","MA1023-A20-Z","","","1"
"21208","24868","CALCULUS III","","","2020-08-06T20:22:49Z","","","","MA1023-A20-A09","","","1"
"21271","24869","CALCULUS III","","","2020-08-11T18:18:44Z","","","","MA1023-A20-AC01","","","1"
"21209","24870","CALCULUS III","","","2020-08-06T20:22:50Z","","","","MA1023-A20-A21","","","1"
"21274","24872","CALCULUS III","","","2020-08-11T18:18:46Z","","","","MA1023-A20-AC02","","","1"
"21279","24873","CALCULUS III","","","2020-08-11T18:18:48Z","","","","MA1023-A20-AC03","","","1"
"21282","24874","CALCULUS III","","","2020-08-11T18:18:50Z","","","","MA1023-A20-AC04","","","1"
"21284","24875","CALCULUS III","","","2020-08-11T18:18:51Z","","","","MA1023-A20-AC05","","","1"
"21288","24876","CALCULUS III","","","2020-08-11T18:18:54Z","","","","MA1023-A20-AC06","","","1"
"21272","24877","CALCULUS III","","","2020-08-11T18:18:45Z","","","","MA1023-A20-AC07","","","1"
"21210","24878","CALCULUS III","","","2020-08-07T14:17:46Z","","","","MA1023-A20-AC08","","","1"
"21276","24879","CALCULUS III","","","2020-08-11T18:18:47Z","","","","MA1023-A20-AC09","","","1"
"21280","24880","CALCULUS III","","","2020-08-11T18:18:49Z","","","","MA1023-A20-AC10","","","1"
"21225","24881","CALCULUS III","","","2020-08-09T20:19:09Z","","","","MA1023-A20-AC11","","","1"
"21286","24882","CALCULUS III","","","2020-08-11T18:18:53Z","","","","MA1023-A20-AC12","","","1"
"21289","24883","CALCULUS III","","","2020-08-11T18:18:55Z","","","","MA1023-A20-AC13","","","1"
"21273","24884","CALCULUS III","","","2020-08-11T18:18:46Z","","","","MA1023-A20-AC14","","","1"
"21277","24885","CALCULUS III","","","2020-08-11T18:18:48Z","","","","MA1023-A20-AC15","","","1"
"21283","24886","CALCULUS III","","","2020-08-11T18:18:50Z","","","","MA1023-A20-AC16","","","1"
"21278","24887","CALCULUS III","","","2020-08-11T18:18:48Z","","","","MA1023-A20-AC23","","","1"
"21285","24888","CALCULUS III","","","2020-08-11T18:18:52Z","","","","MA1023-A20-AC17","","","1"
"21281","24889","CALCULUS III","","","2020-08-11T18:18:49Z","","","","MA1023-A20-AC24","","","1"
"21287","24890","CALCULUS III","","","2020-08-11T18:18:54Z","","","","MA1023-A20-AC18","","","1"
"21290","24891","CALCULUS III","","","2020-08-11T18:18:55Z","","","","MA1023-A20-AC19","","","1"
"21291","24892","CALCULUS III","","","2020-08-11T18:18:57Z","","","","MA1023-A20-AC20","","","1"
"21293","24893","CALCULUS III","","","2020-08-11T18:18:59Z","","","","MA1023-A20-AC21","","","1"
"21275","24894","CALCULUS III","","","2020-08-11T18:18:46Z","","","","MA1023-A20-AC22","","","1"
"21215","24897","A TERM CO-OP:CRRC MA","","","2020-08-07T22:19:47Z","","","","CP1001-A20-A162","","","1"
"21246","24900","CALCULUS III","","","2020-08-10T20:30:25Z","","","","MA1023-A20-A03","","","1"
"21231","24901","CALCULUS III","","","2020-08-10T17:22:30Z","","","","MA1023-A20-A04","","","1"
"21223","24902","CALCULUS III","","","2020-08-08T21:20:38Z","","","","MA1023-A20-A07","","","1"
"21232","24903","CALCULUS III","","","2020-08-10T17:22:34Z","","","","MA1023-A20-A20","","","1"
"21224","24904","CALCULUS III","","","2020-08-08T22:18:03Z","","","","MA1023-A20-A10","","","1"
"21226","24905","CALCULUS IV","","","2020-08-09T20:19:09Z","","","","MA1024-A20-A05W","","","1"
"21227","24906","CALCULUS IV","","","2020-08-09T20:19:11Z","","","","MA1024-A20-A5Y","","","1"
"21234","24910","CALCULUS IV","","","2020-08-10T18:18:37Z","","","","MA1024-A20-A09Y","","","1"
"21235","24911","CALCULUS IV","","","2020-08-10T18:18:37Z","","","","MA1024-A20-A10Y","","","1"
"21236","24921","CALCULUS I","","","2020-08-10T20:30:17Z","","","","MA1021-A20-A0","","","1"
"21237","24922","CALCULUS I","","","2020-08-10T20:30:20Z","","","","MA1021-A20-A00","","","1"
"21238","24923","CALCULUS I","","","2020-08-10T20:30:21Z","","","","MA1021-A20-A0W","","","1"
"21239","24924","CALCULUS I","","","2020-08-10T20:30:22Z","","","","MA1021-A20-A2","","","1"
"21240","24925","CALCULUS I","","","2020-08-10T20:30:22Z","","","","MA1021-A20-A3","","","1"
"21241","24926","CALCULUS I","","","2020-08-10T20:30:22Z","","","","MA1021-A20-A4","","","1"
"21242","24927","CALCULUS I","","","2020-08-10T20:30:23Z","","","","MA1021-A20-A5","","","1"
"21243","24928","CALCULUS I","","","2020-08-10T20:30:23Z","","","","MA1021-A20-A6","","","1"
"21244","24929","CALCULUS I","","","2020-08-10T20:30:23Z","","","","MA1021-A20-A7","","","1"
"21245","24930","CALCULUS I","","","2020-08-10T20:30:23Z","","","","MA1021-A20-AAA","","","1"
"21249","24940","CALCULUS I","","","2020-08-10T21:24:14Z","","","","MA1021-A20-A11","","","1"
"21250","24941","CALCULUS I","","","2020-08-10T21:24:17Z","","","","MA1021-A20-AA","","","1"
"21251","24942","CALCULUS I","","","2020-08-10T21:24:19Z","","","","MA1021-A20-AAAA","","","1"
"21252","24944","CALCULUS I","","","2020-08-10T22:20:47Z","","","","MA1021-A20-A12","","","1"
"21253","24945","CALCULUS I","","","2020-08-10T22:20:48Z","","","","MA1021-A20-A13","","","1"
"21254","24946","CALCULUS I","","","2020-08-10T22:20:50Z","","","","MA1021-A20-A14","","","1"
"21255","24947","CALCULUS I","","","2020-08-10T22:20:51Z","","","","MA1021-A20-A15","","","1"
"21256","24948","CALCULUS I","","","2020-08-10T22:20:53Z","","","","MA1021-A20-A16W","","","1"
"21257","24949","CHEMICAL PROPERTIES, BONDING, AND FORCES","","","2020-08-11T13:21:22Z","","","","CH1010-A20-A","","","1"
"21258","24950","CHEMICAL PROPERTIES, BONDING, AND FORCES","","","2020-08-11T13:21:31Z","","","","CH1010-A20-B","","","1"
"21261","24951","CHEMICAL PROPERTIES, BONDING, AND FORCES","","","2020-08-11T14:18:37Z","","","","CH1010-A20-AC10","","","1"
"21267","24952","CHEMICAL PROPERTIES, BONDING, AND FORCES","","","2020-08-11T16:23:10Z","","","","CH1010-A20-AC11","","","1"
"21263","24953","CHEMICAL PROPERTIES, BONDING, AND FORCES","","","2020-08-11T14:18:40Z","","","","CH1010-A20-AC12","","","1"
"21259","24954","CHEMICAL PROPERTIES, BONDING, AND FORCES","","","2020-08-11T14:18:33Z","","","","CH1010-A20-AC13","","","1"
"21264","24955","CHEMICAL PROPERTIES, BONDING, AND FORCES","","","2020-08-11T16:23:04Z","","","","CH1010-A20-AC14","","","1"
"21260","24956","CHEMICAL PROPERTIES, BONDING, AND FORCES","","","2020-08-11T14:18:36Z","","","","CH1010-A20-AC15","","","1"
"21265","24957","CHEMICAL PROPERTIES, BONDING, AND FORCES","","","2020-08-11T16:23:07Z","","","","CH1010-A20-AC16","","","1"
"21262","24958","CHEMICAL PROPERTIES, BONDING, AND FORCES","","","2020-08-11T14:18:39Z","","","","CH1010-A20-AC17","","","1"
"21266","24959","CHEMICAL PROPERTIES, BONDING, AND FORCES","","","2020-08-11T16:23:09Z","","","","CH1010-A20-AC18","","","1"
"21268","24969","MODULARGUITARCOMPONENTDESIGN","","","2020-08-11T16:24:38Z","","","","MU2999-A20-VJM","","","1"
"21292","24970","CALCULUS IV","","","2020-08-11T18:18:58Z","","","","MA1024-A20-A11Y","","","1"
"21298","24980","CALCULUS I","","","2020-08-11T19:32:39Z","","","","MA1021-A20-A16","","","1"
"21300","24981","A TERM CO-OP:INSTRUMENT LAB","","","2020-08-11T20:22:00Z","","","","CP1001-A20-A163","","","1"
